{
	"credit": "Made with Blockbench",
	"textures": {
		"1": "block/lime_wool",
		"3": "block/bluebell_hat",
		"particle": "block/bluebell_hat"
	},
	"elements": [
		{
			"from": [3.5, 2, 3.5],
			"to": [12.5, 8, 12.5],
			"rotation": {"angle": 0, "axis": "y", "origin": [0, -7, 0]},
			"faces": {
				"north": {"uv": [3, 0.75, 13, 6.75], "texture": "#3"},
				"east": {"uv": [3, 0.75, 13, 6.75], "texture": "#3"},
				"south": {"uv": [3, 0.75, 13, 6.75], "texture": "#3"},
				"west": {"uv": [3, 0.75, 13, 6.75], "texture": "#3"},
				"up": {"uv": [3, 0, 13, 10], "texture": "#3"},
				"down": {"uv": [2, 6, 12, 16], "texture": "#3"}
			}
		},
		{
			"from": [2.75, 1.5, 2.75],
			"to": [13.25, 4.75, 13.25],
			"rotation": {"angle": 0, "axis": "y", "origin": [0, -7, 0]},
			"faces": {
				"north": {"uv": [3, 2, 13.5, 5.25], "texture": "#3"},
				"east": {"uv": [3, 2, 13.5, 5.25], "texture": "#3"},
				"south": {"uv": [3, 2, 13.5, 5.25], "texture": "#3"},
				"west": {"uv": [3, 2, 13.5, 5.25], "texture": "#3"},
				"up": {"uv": [4, 0, 12.5, 8.5], "texture": "#3"},
				"down": {"uv": [2, 6, 12, 16], "texture": "#3"}
			}
		},
		{
			"from": [0.08579, 0.89052, 3.01],
			"to": [1.08579, 1.89052, 13.01],
			"rotation": {"angle": 45, "axis": "z", "origin": [1.41074, 0.6346, 8.09]},
			"faces": {
				"north": {"uv": [4, 12, 5, 13], "texture": "#3"},
				"east": {"uv": [4, 12, 14, 13], "texture": "#3"},
				"south": {"uv": [4, 12, 5, 13], "texture": "#3"},
				"west": {"uv": [14, 12, 4, 13], "texture": "#3"},
				"up": {"uv": [9, 3, 10, 13], "texture": "#3"},
				"down": {"uv": [4, 12, 14, 13], "texture": "#3"}
			}
		},
		{
			"from": [0.29289, -0.12132, 3],
			"to": [2.29289, 0.87868, 13],
			"rotation": {"angle": 0, "axis": "x", "origin": [1.41074, 0.6346, 8]},
			"faces": {
				"north": {"uv": [6, 10, 8, 11], "texture": "#3"},
				"east": {"uv": [6, 0, 16, 1], "texture": "#3"},
				"south": {"uv": [4, 10, 6, 11], "texture": "#3"},
				"west": {"uv": [4, 9, 14, 10], "texture": "#3"},
				"up": {"uv": [4, 8, 14, 10], "rotation": 90, "texture": "#3"},
				"down": {"uv": [3, 14, 13, 12], "rotation": 90, "texture": "#3"}
			}
		},
		{
			"from": [1.5, -0.52369, 3.01],
			"to": [4.5, 0.47631, 13.01],
			"rotation": {"angle": 45, "axis": "z", "origin": [1.41074, 0.6346, 8]},
			"faces": {
				"north": {"uv": [3, 7, 4, 10], "rotation": 90, "texture": "#3"},
				"east": {"uv": [3, 5, 4, 15], "rotation": 90, "texture": "#3"},
				"south": {"uv": [3, 7, 4, 10], "rotation": 90, "texture": "#3"},
				"west": {"uv": [3, 7, 13, 10], "rotation": 90, "texture": "#3"},
				"up": {"uv": [3, 7, 13, 10], "rotation": 90, "texture": "#3"},
				"down": {"uv": [4, 16, 14, 13], "rotation": 90, "texture": "#3"}
			}
		},
		{
			"from": [2.95711, 1.00838, 14.93014],
			"to": [12.95711, 2.00838, 15.93014],
			"rotation": {"angle": 45, "axis": "x", "origin": [7.95377, 0.75245, 14.43851]},
			"faces": {
				"north": {"uv": [4, 12, 14, 13], "texture": "#3"},
				"east": {"uv": [4, 12, 5, 13], "texture": "#3"},
				"south": {"uv": [14, 12, 4, 13], "texture": "#3"},
				"west": {"uv": [4, 12, 5, 13], "texture": "#3"},
				"up": {"uv": [9, 3, 10, 13], "rotation": 270, "texture": "#3"},
				"down": {"uv": [4, 12, 14, 13], "rotation": 90, "texture": "#3"}
			}
		},
		{
			"from": [2.95711, -0.40584, 11.51592],
			"to": [12.95711, 0.59416, 14.51592],
			"rotation": {"angle": 45, "axis": "x", "origin": [7.95377, 0.75245, 14.43851]},
			"faces": {
				"north": {"uv": [3, 5, 4, 15], "rotation": 90, "texture": "#3"},
				"east": {"uv": [3, 7, 4, 10], "rotation": 90, "texture": "#3"},
				"south": {"uv": [3, 7, 13, 10], "rotation": 90, "texture": "#3"},
				"west": {"uv": [3, 7, 4, 10], "rotation": 90, "texture": "#3"},
				"up": {"uv": [3, 7, 13, 10], "texture": "#3"},
				"down": {"uv": [4, 16, 14, 13], "rotation": 180, "texture": "#3"}
			}
		},
		{
			"from": [2.94711, -0.12132, 13.67421],
			"to": [12.94711, 0.87868, 15.67421],
			"rotation": {"angle": 0, "axis": "x", "origin": [7.95377, 0.75245, 14.43851]},
			"faces": {
				"north": {"uv": [6, 0, 16, 1], "texture": "#3"},
				"east": {"uv": [4, 10, 6, 11], "texture": "#3"},
				"south": {"uv": [4, 9, 14, 10], "texture": "#3"},
				"west": {"uv": [6, 10, 8, 11], "texture": "#3"},
				"up": {"uv": [4, 8, 14, 10], "texture": "#3"},
				"down": {"uv": [3, 14, 13, 12], "texture": "#3"}
			}
		},
		{
			"from": [2.95711, 1.76612, -0.35455],
			"to": [12.95711, 2.76612, 0.64545],
			"rotation": {"angle": -22.5, "axis": "x", "origin": [7.95211, 1.48579, 1.27934]},
			"faces": {
				"north": {"uv": [14, 12, 4, 13], "texture": "#3"},
				"east": {"uv": [5, 12, 4, 13], "texture": "#3"},
				"south": {"uv": [14, 12, 4, 13], "texture": "#3"},
				"west": {"uv": [5, 12, 4, 13], "texture": "#3"},
				"up": {"uv": [9, 13, 10, 3], "rotation": 270, "texture": "#3"},
				"down": {"uv": [14, 12, 4, 13], "rotation": 90, "texture": "#3"}
			}
		},
		{
			"from": [2.94711, 0.52868, -0.07421],
			"to": [12.94711, 1.52868, 1.92579],
			"rotation": {"angle": 22.5, "axis": "x", "origin": [7.95211, 1.48579, 1.27934]},
			"faces": {
				"north": {"uv": [14, 9, 4, 10], "texture": "#3"},
				"east": {"uv": [6, 10, 4, 11], "texture": "#3"},
				"south": {"uv": [16, 0, 6, 1], "texture": "#3"},
				"west": {"uv": [8, 10, 6, 11], "texture": "#3"},
				"up": {"uv": [4, 11, 14, 9], "texture": "#3"},
				"down": {"uv": [3, 14, 13, 12], "texture": "#3"}
			}
		},
		{
			"from": [2.95711, 0.3519, 1.05967],
			"to": [12.95711, 1.3519, 4.05967],
			"rotation": {"angle": -22.5, "axis": "x", "origin": [7.95211, 1.48579, 1.27934]},
			"faces": {
				"north": {"uv": [3, 10, 13, 7], "rotation": 90, "texture": "#3"},
				"east": {"uv": [3, 10, 4, 7], "rotation": 90, "texture": "#3"},
				"south": {"uv": [3, 15, 4, 5], "rotation": 90, "texture": "#3"},
				"west": {"uv": [3, 10, 4, 7], "rotation": 90, "texture": "#3"},
				"up": {"uv": [3, 10, 13, 7], "texture": "#3"},
				"down": {"uv": [4, 16, 14, 13], "rotation": 180, "texture": "#3"}
			}
		},
		{
			"from": [13.70711, -0.12132, 3],
			"to": [15.70711, 0.87868, 13],
			"rotation": {"angle": 0, "axis": "x", "origin": [14.58926, 0.6346, 8]},
			"faces": {
				"north": {"uv": [8, 10, 6, 11], "texture": "#3"},
				"east": {"uv": [14, 9, 4, 10], "texture": "#3"},
				"south": {"uv": [6, 10, 4, 11], "texture": "#3"},
				"west": {"uv": [16, 0, 6, 1], "texture": "#3"},
				"up": {"uv": [4, 10, 14, 8], "rotation": 90, "texture": "#3"},
				"down": {"uv": [3, 14, 13, 12], "rotation": 90, "texture": "#3"}
			}
		},
		{
			"from": [14.91421, 0.89052, 3.01],
			"to": [15.91421, 1.89052, 13.01],
			"rotation": {"angle": -45, "axis": "z", "origin": [14.58926, 0.6346, 8.09]},
			"faces": {
				"north": {"uv": [5, 12, 4, 13], "texture": "#3"},
				"east": {"uv": [14, 12, 4, 13], "texture": "#3"},
				"south": {"uv": [5, 12, 4, 13], "texture": "#3"},
				"west": {"uv": [14, 12, 4, 13], "texture": "#3"},
				"up": {"uv": [10, 3, 9, 13], "texture": "#3"},
				"down": {"uv": [14, 12, 4, 13], "texture": "#3"}
			}
		},
		{
			"from": [11.5, -0.52369, 3.01],
			"to": [14.5, 0.47631, 13.01],
			"rotation": {"angle": -45, "axis": "z", "origin": [14.58926, 0.6346, 8]},
			"faces": {
				"north": {"uv": [3, 10, 4, 7], "rotation": 90, "texture": "#3"},
				"east": {"uv": [3, 10, 13, 7], "rotation": 90, "texture": "#3"},
				"south": {"uv": [3, 10, 4, 7], "rotation": 90, "texture": "#3"},
				"west": {"uv": [3, 15, 4, 5], "rotation": 90, "texture": "#3"},
				"up": {"uv": [3, 10, 13, 7], "rotation": 90, "texture": "#3"},
				"down": {"uv": [4, 16, 14, 13], "rotation": 90, "texture": "#3"}
			}
		},
		{
			"from": [10.83811, 6.76952, 5],
			"to": [13.83811, 7.76952, 11],
			"rotation": {"angle": -22.5, "axis": "z", "origin": [13.7607, 7.92782, 8]},
			"faces": {
				"north": {"uv": [0, 0, 3, 1], "texture": "#1"},
				"east": {"uv": [0, 0, 6, 1], "texture": "#1"},
				"south": {"uv": [0, 0, 3, 1], "texture": "#1"},
				"west": {"uv": [0, 0, 6, 1], "texture": "#1"},
				"up": {"uv": [0, 0, 6, 3], "rotation": 90, "texture": "#1"},
				"down": {"uv": [0, 0, 6, 3], "rotation": 270, "texture": "#1"}
			}
		},
		{
			"from": [12.54725, 7.11259, 5],
			"to": [14.54725, 8.11259, 11],
			"rotation": {"angle": 45, "axis": "z", "origin": [13.31154, 7.98636, 8]},
			"faces": {
				"north": {"uv": [0, 0, 2, 1], "texture": "#1"},
				"east": {"uv": [0, 0, 6, 1], "texture": "#1"},
				"south": {"uv": [0, 0, 2, 1], "texture": "#1"},
				"west": {"uv": [0, 0, 6, 1], "texture": "#1"},
				"up": {"uv": [0, 0, 6, 2], "rotation": 90, "texture": "#1"},
				"down": {"uv": [0, 0, 6, 2], "rotation": 270, "texture": "#1"}
			}
		},
		{
			"from": [2.0036, 7.05404, 5],
			"to": [3.0036, 8.05404, 11],
			"rotation": {"angle": -22.5, "axis": "z", "origin": [2.2393, 7.92782, 8]},
			"faces": {
				"north": {"uv": [2, 0, 3, 1], "texture": "#1"},
				"east": {"uv": [6, 0, 12, 1], "texture": "#1"},
				"south": {"uv": [2, 0, 3, 1], "texture": "#1"},
				"west": {"uv": [6, 0, 12, 1], "texture": "#1"},
				"up": {"uv": [0, 2, 6, 3], "rotation": 90, "texture": "#1"},
				"down": {"uv": [0, 2, 6, 3], "rotation": 270, "texture": "#1"}
			}
		},
		{
			"from": [2.16189, 6.76952, 5],
			"to": [5.16189, 7.76952, 11],
			"rotation": {"angle": 22.5, "axis": "z", "origin": [2.2393, 7.92782, 8]},
			"faces": {
				"north": {"uv": [3, 0, 0, 1], "texture": "#1"},
				"east": {"uv": [6, 0, 0, 1], "texture": "#1"},
				"south": {"uv": [3, 0, 0, 1], "texture": "#1"},
				"west": {"uv": [6, 0, 0, 1], "texture": "#1"},
				"up": {"uv": [0, 3, 6, 0], "rotation": 90, "texture": "#1"},
				"down": {"uv": [0, 3, 6, 0], "rotation": 270, "texture": "#1"}
			}
		},
		{
			"from": [5, 7.35615, 0.9562],
			"to": [11, 8.35615, 2.9562],
			"rotation": {"angle": 22.5, "axis": "x", "origin": [8, 7.95971, 1.4562]},
			"faces": {
				"north": {"uv": [6, 0, 12, 1], "texture": "#1"},
				"east": {"uv": [2, 0, 4, 1], "texture": "#1"},
				"south": {"uv": [6, 0, 12, 1], "texture": "#1"},
				"west": {"uv": [2, 0, 4, 1], "texture": "#1"},
				"up": {"uv": [0, 2, 6, 4], "rotation": 180, "texture": "#1"},
				"down": {"uv": [0, 2, 6, 4], "rotation": 180, "texture": "#1"}
			}
		},
		{
			"from": [5, 7.88648, 0.67587],
			"to": [11, 8.88648, 1.67587],
			"rotation": {"angle": -22.5, "axis": "x", "origin": [8, 7.95971, 1.4562]},
			"faces": {
				"north": {"uv": [0, 2, 6, 3], "texture": "#1"},
				"east": {"uv": [2, 0, 3, 1], "rotation": 270, "texture": "#1"},
				"south": {"uv": [0, 2, 6, 3], "rotation": 180, "texture": "#1"},
				"west": {"uv": [2, 0, 3, 1], "rotation": 90, "texture": "#1"},
				"up": {"uv": [6, 0, 12, 1], "rotation": 180, "texture": "#1"},
				"down": {"uv": [6, 0, 12, 1], "texture": "#1"}
			}
		},
		{
			"from": [5, 6.76952, 2.16189],
			"to": [11, 7.76952, 5.16189],
			"rotation": {"angle": -22.5, "axis": "x", "origin": [8, 7.92782, 2.2393]},
			"faces": {
				"north": {"uv": [6, 0, 12, 1], "texture": "#1"},
				"east": {"uv": [3, 0, 6, 1], "texture": "#1"},
				"south": {"uv": [6, 0, 12, 1], "texture": "#1"},
				"west": {"uv": [3, 0, 6, 1], "texture": "#1"},
				"up": {"uv": [0, 3, 6, 6], "rotation": 180, "texture": "#1"},
				"down": {"uv": [0, 3, 6, 6], "rotation": 180, "texture": "#1"}
			}
		},
		{
			"from": [5, 7.05404, 12.9964],
			"to": [11, 8.05404, 14.9964],
			"rotation": {"angle": -22.5, "axis": "x", "origin": [8, 7.92782, 13.7607]},
			"faces": {
				"north": {"uv": [12, 0, 6, 1], "texture": "#1"},
				"east": {"uv": [4, 0, 2, 1], "texture": "#1"},
				"south": {"uv": [12, 0, 6, 1], "texture": "#1"},
				"west": {"uv": [4, 0, 2, 1], "texture": "#1"},
				"up": {"uv": [0, 4, 6, 2], "rotation": 180, "texture": "#1"},
				"down": {"uv": [0, 4, 6, 2], "rotation": 180, "texture": "#1"}
			}
		},
		{
			"from": [5, 7.86964, 14.59571],
			"to": [11, 8.86964, 15.59571],
			"rotation": {"angle": 22.5, "axis": "x", "origin": [8, 8.63393, 14.72194]},
			"faces": {
				"north": {"uv": [0, 4, 6, 5], "texture": "#1"},
				"east": {"uv": [4, 0, 5, 1], "rotation": 90, "texture": "#1"},
				"south": {"uv": [0, 4, 6, 5], "rotation": 180, "texture": "#1"},
				"west": {"uv": [4, 0, 5, 1], "rotation": 270, "texture": "#1"},
				"up": {"uv": [10, 0, 16, 1], "texture": "#1"},
				"down": {"uv": [10, 0, 16, 1], "rotation": 180, "texture": "#1"}
			}
		},
		{
			"from": [5, 6.76952, 10.83811],
			"to": [11, 7.76952, 13.83811],
			"rotation": {"angle": 22.5, "axis": "x", "origin": [8, 7.92782, 13.7607]},
			"faces": {
				"north": {"uv": [12, 0, 6, 1], "texture": "#1"},
				"east": {"uv": [6, 0, 3, 1], "texture": "#1"},
				"south": {"uv": [12, 0, 6, 1], "texture": "#1"},
				"west": {"uv": [6, 0, 3, 1], "texture": "#1"},
				"up": {"uv": [0, 6, 6, 3], "rotation": 180, "texture": "#1"},
				"down": {"uv": [0, 6, 6, 3], "rotation": 180, "texture": "#1"}
			}
		},
		{
			"from": [5, 8, 5],
			"to": [11, 12, 11],
			"rotation": {"angle": 0, "axis": "y", "origin": [0, -8, 0]},
			"faces": {
				"north": {"uv": [0, 0, 6, 4], "texture": "#1"},
				"east": {"uv": [0, 0, 6, 4], "texture": "#1"},
				"south": {"uv": [0, 0, 6, 4], "texture": "#1"},
				"west": {"uv": [0, 0, 6, 4], "texture": "#1"},
				"up": {"uv": [0, 0, 6, 6], "texture": "#1"},
				"down": {"uv": [0, 0, 6, 6], "texture": "#1"}
			}
		},
		{
			"from": [7, 11.75, 7.5],
			"to": [9, 13.75, 9.5],
			"rotation": {"angle": -45, "axis": "x", "origin": [8, 12.5, 8]},
			"faces": {
				"north": {"uv": [0, 0, 2, 2], "texture": "#1"},
				"east": {"uv": [0, 0, 2, 2], "texture": "#1"},
				"south": {"uv": [0, 0, 2, 2], "texture": "#1"},
				"west": {"uv": [0, 0, 2, 2], "texture": "#1"},
				"up": {"uv": [0, 0, 2, 2], "texture": "#1"},
				"down": {"uv": [0, 0, 2, 2], "texture": "#1"}
			}
		}
	],
	"display": {
		"thirdperson_righthand": {
			"rotation": [70, 0, 0],
			"translation": [-6.5, 1, 0.75]
		},
		"thirdperson_lefthand": {
			"rotation": [70, 0, 0],
			"translation": [0.25, 0, -2.75]
		},
		"firstperson_righthand": {
			"translation": [0, -3.25, 0]
		},
		"firstperson_lefthand": {
			"translation": [0, -3.5, 0]
		},
		"ground": {
			"translation": [0, 3.75, 0]
		},
		"gui": {
			"rotation": [35.25, 28.75, 0],
			"translation": [0, 2.75, 0]
		},
		"head": {
			"rotation": [18.25, 0, 0],
			"translation": [0, 10, 2.5],
			"scale": [1.7, 1.7, 1.7]
		},
		"fixed": {
			"rotation": [-90, 0, 0],
			"translation": [0, 0, -15],
			"scale": [2, 2, 2]
		}
	},
	"groups": [
		{
			"name": "group",
			"origin": [8, 8, 8],
			"color": 0,
			"children": [
				0,
				1,
				{
					"name": "group",
					"origin": [8, 10.88372, 1.04016],
					"color": 0,
					"children": [2, 3, 4, 5, 6, 7, 8, 9, 10, 11, 12, 13]
				},
				{
					"name": "group",
					"origin": [8, 8, 8],
					"color": 0,
					"children": [14, 15, 16, 17, 18, 19, 20, 21, 22, 23, 24, 25]
				}
			]
		}
	]
}