{
	"credit": "Made with Blockbench",
	"textures": {
		"0": "block/stripped_oak_log",
		"1": "block/basket_orange_d",
		"particle": "block/stripped_oak_log"
	},
	"elements": [
		{
			"from": [10, 0, 9],
			"to": [15, 1, 15],
			"rotation": {"angle": 0, "axis": "y", "origin": [22, 8, 17]},
			"faces": {
				"north": {"uv": [10, 9, 15, 10], "rotation": 180, "texture": "#0"},
				"east": {"uv": [14, 9, 15, 15], "rotation": 90, "texture": "#0"},
				"south": {"uv": [10, 14, 15, 15], "texture": "#0"},
				"west": {"uv": [0, 0, 6, 1], "texture": "#0"},
				"up": {"uv": [10, 9, 15, 15], "texture": "#0"},
				"down": {"uv": [1, 9, 6, 15], "rotation": 180, "texture": "#0"}
			}
		},
		{
			"from": [10, 0, 1],
			"to": [15, 1, 7],
			"rotation": {"angle": 0, "axis": "y", "origin": [22, 8, 9]},
			"faces": {
				"north": {"uv": [10, 1, 15, 2], "rotation": 180, "texture": "#0"},
				"east": {"uv": [14, 1, 15, 7], "rotation": 90, "texture": "#0"},
				"south": {"uv": [10, 6, 15, 7], "texture": "#0"},
				"west": {"uv": [0, 0, 6, 1], "texture": "#0"},
				"up": {"uv": [10, 1, 15, 7], "texture": "#0"},
				"down": {"uv": [1, 1, 6, 7], "rotation": 180, "texture": "#0"}
			}
		},
		{
			"from": [1, 0, 9],
			"to": [6, 1, 15],
			"rotation": {"angle": 0, "axis": "y", "origin": [13, 8, 17]},
			"faces": {
				"north": {"uv": [1, 8, 6, 9], "rotation": 180, "texture": "#0"},
				"east": {"uv": [0, 0, 6, 1], "texture": "#0"},
				"south": {"uv": [1, 14, 6, 15], "texture": "#0"},
				"west": {"uv": [1, 9, 2, 15], "rotation": 270, "texture": "#0"},
				"up": {"uv": [1, 9, 6, 15], "texture": "#0"},
				"down": {"uv": [10, 9, 15, 15], "rotation": 180, "texture": "#0"}
			}
		},
		{
			"from": [1, 0, 1],
			"to": [6, 1, 7],
			"rotation": {"angle": 0, "axis": "y", "origin": [13, 8, 9]},
			"faces": {
				"north": {"uv": [1, 1, 6, 2], "rotation": 180, "texture": "#0"},
				"east": {"uv": [0, 0, 6, 1], "texture": "#0"},
				"south": {"uv": [1, 6, 6, 7], "texture": "#0"},
				"west": {"uv": [1, 1, 2, 7], "rotation": 270, "texture": "#0"},
				"up": {"uv": [1, 1, 6, 7], "texture": "#0"},
				"down": {"uv": [10, 1, 15, 7], "rotation": 180, "texture": "#0"}
			}
		},
		{
			"from": [6, 0, 11],
			"to": [10, 1, 15],
			"rotation": {"angle": 0, "axis": "y", "origin": [17, 8, 18]},
			"faces": {
				"north": {"uv": [6, 10, 10, 11], "rotation": 180, "texture": "#0"},
				"east": {"uv": [0, 0, 5, 1], "texture": "#missing"},
				"south": {"uv": [6, 14, 10, 15], "texture": "#0"},
				"west": {"uv": [0, 0, 5, 1], "texture": "#missing"},
				"up": {"uv": [6, 11, 10, 15], "texture": "#0"},
				"down": {"uv": [6, 11, 10, 15], "texture": "#0"}
			}
		},
		{
			"from": [6, 0, 3],
			"to": [10, 1, 7],
			"rotation": {"angle": 0, "axis": "y", "origin": [17, 8, 10]},
			"faces": {
				"north": {"uv": [6, 2, 10, 3], "rotation": 180, "texture": "#0"},
				"east": {"uv": [0, 0, 5, 1], "texture": "#missing"},
				"south": {"uv": [6, 6, 10, 7], "texture": "#0"},
				"west": {"uv": [0, 0, 5, 1], "texture": "#missing"},
				"up": {"uv": [6, 3, 10, 7], "texture": "#0"},
				"down": {"uv": [6, 3, 10, 7], "texture": "#0"}
			}
		},
		{
			"from": [6, 0.02, 10],
			"to": [10, 0.02, 11],
			"rotation": {"angle": 0, "axis": "y", "origin": [14, 8, 18]},
			"faces": {
				"north": {"uv": [2, 3.33333, 6, 4.33333], "texture": "#1"},
				"east": {"uv": [2, 3.33333, 6, 4.33333], "texture": "#1"},
				"south": {"uv": [2, 3.33333, 6, 4.33333], "texture": "#1"},
				"west": {"uv": [2, 3.33333, 6, 4.33333], "texture": "#1"},
				"up": {"uv": [2, 3.33333, 6, 4.33333], "texture": "#1"},
				"down": {"uv": [2, 3.33333, 6, 4.33333], "texture": "#1"}
			}
		},
		{
			"from": [6, 0.02, 2],
			"to": [10, 0.02, 3],
			"rotation": {"angle": 0, "axis": "y", "origin": [14, 8, 10]},
			"faces": {
				"north": {"uv": [2, 3.33333, 6, 4.33333], "texture": "#1"},
				"east": {"uv": [2, 3.33333, 6, 4.33333], "texture": "#1"},
				"south": {"uv": [2, 3.33333, 6, 4.33333], "texture": "#1"},
				"west": {"uv": [2, 3.33333, 6, 4.33333], "texture": "#1"},
				"up": {"uv": [2, 3.33333, 6, 4.33333], "texture": "#1"},
				"down": {"uv": [2, 3.33333, 6, 4.33333], "texture": "#1"}
			}
		},
		{
			"from": [6, 0, 9],
			"to": [10, 1, 10],
			"rotation": {"angle": 0, "axis": "y", "origin": [14, 8, 17]},
			"faces": {
				"north": {"uv": [6, 9, 10, 10], "texture": "#0"},
				"east": {"uv": [0, 0, 1, 1], "texture": "#missing"},
				"south": {"uv": [6, 9, 10, 10], "texture": "#0"},
				"west": {"uv": [0, 0, 1, 1], "texture": "#missing"},
				"up": {"uv": [6, 9, 10, 10], "texture": "#0"},
				"down": {"uv": [6, 9, 10, 10], "texture": "#0"}
			}
		},
		{
			"from": [6, 0, 1],
			"to": [10, 1, 2],
			"rotation": {"angle": 0, "axis": "y", "origin": [14, 8, 9]},
			"faces": {
				"north": {"uv": [6, 9, 10, 10], "texture": "#0"},
				"east": {"uv": [0, 0, 1, 1], "texture": "#missing"},
				"south": {"uv": [6, 9, 10, 10], "texture": "#0"},
				"west": {"uv": [0, 0, 1, 1], "texture": "#missing"},
				"up": {"uv": [6, 1, 10, 2], "texture": "#0"},
				"down": {"uv": [6, 1, 10, 2], "texture": "#0"}
			}
		}
	],
	"gui_light": "front",
	"display": {
		"thirdperson_righthand": {
			"translation": [0, 2, -3],
			"scale": [0.5, 0.5, 0.5]
		},
		"thirdperson_lefthand": {
			"translation": [0, 2, -3],
			"scale": [0.5, 0.5, 0.5]
		},
		"ground": {
			"scale": [0.5, 0.5, 0.5]
		},
		"gui": {
			"rotation": [90, 0, 0]
		},
		"head": {
			"translation": [0, 14.5, 0]
		},
		"fixed": {
			"rotation": [90, 0, -180],
			"translation": [0, 0, -14],
			"scale": [2, 2, 2]
		}
	}
}