{
	"credit": "Model by 8onfire, made in Blockbench",
	"ambientocclusion": false,
	"textures": {
		"2": "block/beetroots_stage3",
		"4": "block/beetroots_crop_side",
		"6": "block/beetroots_crop_top",
		"particle": "block/crop_particles"
	},
	"elements": [
		{
			"name": "stem_1",
			"from": [8, 0, 0],
			"to": [8, 16, 16],
			"shade": false,
			"rotation": {"angle": 45, "axis": "y", "origin": [8, 0, 8]},
			"faces": {
				"north": {"uv": [0, 0, 0, 0], "texture": "#2"},
				"east": {"uv": [0, 0, 16, 16], "texture": "#2"},
				"south": {"uv": [0, 0, 0, 0], "texture": "#2"},
				"west": {"uv": [0, 0, 16, 16], "texture": "#2"},
				"up": {"uv": [0, 0, 0, 0], "texture": "#2"},
				"down": {"uv": [0, 0, 0, 0], "texture": "#2"}
			}
		},
		{
			"name": "stem_2",
			"from": [0, 0, 8],
			"to": [16, 16, 8],
			"shade": false,
			"rotation": {"angle": 45, "axis": "y", "origin": [8, 0, 8]},
			"faces": {
				"north": {"uv": [0, 0, 16, 16], "texture": "#2"},
				"east": {"uv": [0, 0, 0, 0], "texture": "#2"},
				"south": {"uv": [0, 0, 16, 16], "texture": "#2"},
				"west": {"uv": [0, 0, 0, 0], "texture": "#2"},
				"up": {"uv": [0, 0, 0, 0], "texture": "#2"},
				"down": {"uv": [0, 0, 0, 0], "texture": "#2"}
			}
		},
		{
			"name": "crop",
			"from": [3, -1, 3],
			"to": [13, 5, 13],
			"faces": {
				"north": {"uv": [3, 10, 13, 16], "texture": "#4"},
				"east": {"uv": [3, 10, 13, 16], "texture": "#4"},
				"south": {"uv": [3, 10, 13, 16], "texture": "#4"},
				"west": {"uv": [3, 10, 13, 16], "texture": "#4"},
				"up": {"uv": [3, 3, 13, 13], "texture": "#6"}
			}
		}
	]
}