{
	"credit": "Model by 8onfire, made in Blockbench",
	"ambientocclusion": false,
	"textures": {
		"particle": "block/cocoa_stage0",
		"cocoa": "block/cocoa_stage0"
	},
	"elements": [
		{
			"name": "stem",
			"from": [8, 12, 12],
			"to": [8, 16, 16],
			"faces": {
				"east": {"uv": [4, 0, 0, 4], "texture": "#cocoa"},
				"west": {"uv": [0, 0, 4, 4], "texture": "#cocoa"}
			}
		},
		{
			"name": "pod",
			"from": [6, 7, 11],
			"to": [10, 12, 15],
			"faces": {
				"north": {"uv": [0, 11, 4, 16], "texture": "#cocoa"},
				"east": {"uv": [0, 11, 4, 16], "texture": "#cocoa"},
				"south": {"uv": [0, 11, 4, 16], "texture": "#cocoa"},
				"west": {"uv": [0, 11, 4, 16], "texture": "#cocoa"},
				"up": {"uv": [4, 12, 8, 16], "texture": "#cocoa"},
				"down": {"uv": [4, 8, 8, 12], "texture": "#cocoa"}
			}
		}
	]
}