{
	"credit": "Model by 8onfire, made in Blockbench",
	"textures": {
		"1": "block/farmland_moist_bottom",
		"2": "block/farmland_moist_side",
		"3": "block/farmland_moist_top",
		"particle": "block/farmland_moist_side"
	},
	"elements": [
		{
			"name": "Farmland",
			"from": [0, 0, 0],
			"to": [16, 15, 16],
			"faces": {
				"north": {"uv": [0, 0, 16, 15], "texture": "#2"},
				"east": {"uv": [16, 0, 0, 15], "texture": "#2"},
				"south": {"uv": [0, 0, 16, 15], "texture": "#2"},
				"west": {"uv": [16, 0, 0, 15], "texture": "#2"},
				"up": {"uv": [0, 0, 16, 16], "texture": "#3"},
				"down": {"uv": [0, 0, 16, 16], "texture": "#1"}
			}
		}
	]
}