{
	"credit": "Made with Blockbench",
	"textures": {
		"0": "block/polaroid camera",
		"particle": "block/polaroid camera"
	},
	"elements": [
		{
			"from": [4, 0, 7],
			"to": [12, 6, 8],
			"rotation": {"angle": 0, "axis": "y", "origin": [12, 8, 15]},
			"faces": {
				"north": {"uv": [0, 7, 8, 13], "texture": "#0"},
				"east": {"uv": [0, 7, 1, 13], "texture": "#0"},
				"south": {"uv": [0, 0, 8, 6], "texture": "#missing"},
				"west": {"uv": [0, 7, 1, 13], "texture": "#0"},
				"up": {"uv": [0, 7, 8, 8], "texture": "#0"},
				"down": {"uv": [0, 9, 8, 10], "texture": "#0"}
			}
		},
		{
			"from": [4, 1, 8],
			"to": [12, 6, 9],
			"rotation": {"angle": 0, "axis": "y", "origin": [12, 8, 16]},
			"faces": {
				"north": {"uv": [0, 0, 8, 6], "texture": "#missing"},
				"east": {"uv": [7, 0, 8, 6], "texture": "#0"},
				"south": {"uv": [0, 0, 8, 6], "texture": "#0"},
				"west": {"uv": [0, 0, 1, 6], "texture": "#0"},
				"up": {"uv": [0, 5, 8, 6], "texture": "#0"},
				"down": {"uv": [0, 0, 8, 1], "texture": "#missing"}
			}
		},
		{
			"from": [4, 0, 8],
			"to": [12, 1, 11.5],
			"rotation": {"angle": 0, "axis": "y", "origin": [19, 8, 17]},
			"faces": {
				"north": {"uv": [0, 0, 8, 1], "texture": "#missing"},
				"east": {"uv": [4, 7, 8, 8], "texture": "#0"},
				"south": {"uv": [0, 7, 8, 8], "texture": "#0"},
				"west": {"uv": [0, 7, 4, 8], "texture": "#0"},
				"up": {"uv": [0, 0, 8, 2.5], "texture": "#missing"},
				"down": {"uv": [0, 7, 8, 10], "texture": "#0"}
			}
		},
		{
			"from": [4, 0, 4],
			"to": [12, 1, 7],
			"rotation": {"angle": 0, "axis": "y", "origin": [19, 8, 12]},
			"faces": {
				"north": {"uv": [0, 7, 8, 8], "texture": "#0"},
				"east": {"uv": [0, 10, 3, 11], "texture": "#0"},
				"south": {"uv": [0, 0, 8, 1], "texture": "#missing"},
				"west": {"uv": [5, 10, 8, 11], "texture": "#0"},
				"up": {"uv": [0, 0, 8, 3], "texture": "#missing"},
				"down": {"uv": [0, 9, 8, 12], "texture": "#0"}
			}
		},
		{
			"from": [4, 1, 9],
			"to": [12, 2, 11.5],
			"rotation": {"angle": 0, "axis": "y", "origin": [19, 9, 17]},
			"faces": {
				"north": {"uv": [0, 0, 8, 1], "texture": "#missing"},
				"east": {"uv": [5, 6, 8, 7], "texture": "#0"},
				"south": {"uv": [0, 6, 8, 7], "texture": "#0"},
				"west": {"uv": [0, 6, 3, 7], "texture": "#0"},
				"up": {"uv": [7, 4, 15, 7], "texture": "#0"},
				"down": {"uv": [0, 0, 8, 3], "texture": "#missing"}
			}
		},
		{
			"from": [10.5, 4.5, 9],
			"to": [11.5, 5.5, 9.5],
			"rotation": {"angle": 0, "axis": "y", "origin": [16, 13, 12]},
			"faces": {
				"north": {"uv": [0, 0, 1, 1], "texture": "#missing"},
				"east": {"uv": [8, 0, 9, 1], "texture": "#0"},
				"south": {"uv": [4, 10, 5, 11], "texture": "#0"},
				"west": {"uv": [8, 0, 9, 1], "texture": "#0"},
				"up": {"uv": [8, 0, 9, 1], "texture": "#0"},
				"down": {"uv": [8, 0, 9, 1], "texture": "#0"}
			}
		},
		{
			"from": [10.5, 2.5, 9],
			"to": [11.5, 3.5, 9.5],
			"rotation": {"angle": 0, "axis": "y", "origin": [16, 11, 12]},
			"faces": {
				"north": {"uv": [0, 0, 1, 1], "texture": "#missing"},
				"east": {"uv": [11, 2, 12, 3], "texture": "#0"},
				"south": {"uv": [11, 2, 12, 3], "texture": "#0"},
				"west": {"uv": [11, 2, 12, 3], "texture": "#0"},
				"up": {"uv": [11, 2, 12, 3], "texture": "#0"},
				"down": {"uv": [11, 2, 12, 3], "texture": "#0"}
			}
		},
		{
			"from": [4.5, 3.5, 9],
			"to": [5.5, 5.5, 9.5],
			"rotation": {"angle": 0, "axis": "y", "origin": [10, 13, 12]},
			"faces": {
				"north": {"uv": [0, 0, 1, 2], "texture": "#missing"},
				"east": {"uv": [10, 0, 11, 2], "texture": "#0"},
				"south": {"uv": [11, 0, 12, 2], "texture": "#0"},
				"west": {"uv": [8, 0, 9, 2], "texture": "#0"},
				"up": {"uv": [8, 0, 9, 1], "texture": "#0"},
				"down": {"uv": [8, 0, 9, 1], "texture": "#0"}
			}
		},
		{
			"from": [6.5, 2.5, 9],
			"to": [9.5, 5.5, 9.5],
			"rotation": {"angle": 0, "axis": "y", "origin": [16, 11, 17]},
			"faces": {
				"north": {"uv": [0, 0, 3, 3], "texture": "#missing"},
				"east": {"uv": [10, 0, 11, 3], "texture": "#0"},
				"south": {"uv": [8, 0, 11, 3], "texture": "#0"},
				"west": {"uv": [8, 0, 9, 3], "texture": "#0"},
				"up": {"uv": [8, 0, 11, 1], "texture": "#0"},
				"down": {"uv": [8, 2, 11, 3], "texture": "#0"}
			}
		},
		{
			"from": [3.99, 5.2, -4],
			"to": [12.01, 6, 1],
			"rotation": {"angle": -45, "axis": "x", "origin": [12, 13, 6]},
			"faces": {
				"north": {"uv": [0, 11, 8, 12], "texture": "#0"},
				"east": {"uv": [0, 7, 5, 8], "texture": "#0"},
				"south": {"uv": [0, 7, 8, 8], "texture": "#0"},
				"west": {"uv": [0, 7, 5, 8], "texture": "#0"},
				"up": {"uv": [0, 7, 8, 12], "texture": "#0"},
				"down": {"uv": [0, 7, 8, 12], "texture": "#0"}
			}
		},
		{
			"from": [4, 1, 5],
			"to": [12, 2, 7],
			"rotation": {"angle": 0, "axis": "y", "origin": [12, 8, 13]},
			"faces": {
				"north": {"uv": [0, 0, 8, 1], "texture": "#missing"},
				"east": {"uv": [0, 7, 2, 8], "texture": "#0"},
				"south": {"uv": [0, 0, 8, 1], "texture": "#missing"},
				"west": {"uv": [6, 9, 8, 10], "texture": "#0"},
				"up": {"uv": [0, 0, 8, 2], "texture": "#missing"},
				"down": {"uv": [0, 0, 8, 2], "texture": "#missing"}
			}
		},
		{
			"from": [4, 2, 6],
			"to": [12, 3, 7],
			"rotation": {"angle": 0, "axis": "y", "origin": [12, 10, 14]},
			"faces": {
				"north": {"uv": [0, 0, 8, 1], "texture": "#missing"},
				"east": {"uv": [0, 7, 1, 8], "texture": "#0"},
				"south": {"uv": [0, 0, 8, 1], "texture": "#missing"},
				"west": {"uv": [7, 7, 8, 8], "texture": "#0"},
				"up": {"uv": [0, 0, 8, 1], "texture": "#missing"},
				"down": {"uv": [0, 0, 8, 1], "texture": "#missing"}
			}
		},
		{
			"from": [6, 6, 7.4],
			"to": [10, 6.5, 8.4],
			"rotation": {"angle": 0, "axis": "y", "origin": [14, 14, 15]},
			"faces": {
				"north": {"uv": [0, 7, 4, 8], "texture": "#0"},
				"east": {"uv": [0, 7, 1, 8], "texture": "#0"},
				"south": {"uv": [2, 10, 6, 11], "texture": "#0"},
				"west": {"uv": [0, 7, 1, 8], "texture": "#0"},
				"up": {"uv": [3, 10, 7, 11], "texture": "#0"},
				"down": {"uv": [0, 0, 4, 1], "texture": "#missing"}
			}
		}
	],
	"display": {
		"thirdperson_righthand": {
			"rotation": [0, -180, 0],
			"translation": [0, 0, -2],
			"scale": [0.5, 0.5, 0.5]
		},
		"thirdperson_lefthand": {
			"rotation": [0, -180, 0],
			"translation": [0, 0, -2],
			"scale": [0.5, 0.5, 0.5]
		},
		"ground": {
			"scale": [0.5, 0.5, 0.5]
		},
		"gui": {
			"rotation": [30, 45, 0],
			"translation": [0, 5, 0]
		},
		"head": {
			"rotation": [0, -180, 0],
			"translation": [0, 14, 0]
		},
		"fixed": {
			"rotation": [-90, -180, 0],
			"translation": [0, 0, -14],
			"scale": [2, 2, 2]
		}
	}
}