{
	"credit": "Made with Blockbench",
	"textures": {
		"0": "block/phone_3a",
		"1": "block/phone_3b",
		"2": "block/phone_2",
		"particle": "block/phone_3a"
	},
	"elements": [
		{
			"from": [3, 0, 0],
			"to": [13, 7, 6],
			"faces": {
				"north": {"uv": [0, 3, 10, 10], "rotation": 180, "texture": "#1"},
				"east": {"uv": [10, 3, 16, 10], "texture": "#1"},
				"south": {"uv": [0, 9, 10, 16], "texture": "#1"},
				"west": {"uv": [10, 0, 16, 7], "texture": "#0"},
				"up": {"uv": [0, 3, 10, 9], "texture": "#1"},
				"down": {"uv": [0, 3, 10, 9], "texture": "#1"}
			}
		},
		{
			"from": [4.5, 20, 3],
			"to": [11.5, 22, 4],
			"faces": {
				"north": {"uv": [9, 14, 16, 16], "texture": "#0"},
				"east": {"uv": [15, 14, 16, 16], "texture": "#0"},
				"south": {"uv": [9, 14, 16, 16], "texture": "#0"},
				"west": {"uv": [9, 14, 10, 16], "texture": "#0"},
				"up": {"uv": [1, 13, 7, 14], "texture": "#0"}
			}
		},
		{
			"from": [7, 15.5, 5],
			"to": [9, 17.5, 6],
			"faces": {
				"east": {"uv": [8, 13, 9, 15], "texture": "#0"},
				"south": {"uv": [7, 13, 9, 15], "texture": "#0"},
				"west": {"uv": [7, 13, 8, 15], "texture": "#0"},
				"up": {"uv": [7, 13, 9, 14], "texture": "#0"},
				"down": {"uv": [7, 14, 9, 15], "texture": "#0"}
			}
		},
		{
			"from": [5, 8, 5],
			"to": [11, 13, 6],
			"faces": {
				"north": {"uv": [1, 7, 7, 12], "texture": "#0"},
				"east": {"uv": [1, 14, 6, 15], "rotation": 90, "texture": "#0"},
				"south": {"uv": [1, 7, 7, 12], "texture": "#0"},
				"west": {"uv": [1, 14, 6, 15], "rotation": 90, "texture": "#0"},
				"up": {"uv": [1, 13, 7, 14], "texture": "#0"},
				"down": {"uv": [1, 13, 7, 14], "texture": "#0"}
			}
		},
		{
			"from": [5.5, 14, 5.5],
			"to": [10.5, 19, 5.5],
			"faces": {
				"north": {"uv": [11, 11, 16, 16], "texture": "#1"},
				"east": {"uv": [0, 0, 0, 5], "texture": "#missing"},
				"south": {"uv": [11, 11, 16, 16], "texture": "#1"},
				"west": {"uv": [0, 0, 0, 5], "texture": "#missing"},
				"up": {"uv": [0, 0, 5, 0], "texture": "#missing"},
				"down": {"uv": [0, 0, 5, 0], "texture": "#missing"}
			}
		},
		{
			"from": [4, 7, 0],
			"to": [12, 20, 5],
			"faces": {
				"north": {"uv": [7, 0, 15, 13], "texture": "#0"},
				"east": {"uv": [8, 0, 13, 13], "texture": "#0"},
				"south": {"uv": [0, 0, 8, 13], "texture": "#0"},
				"west": {"uv": [10, 0, 15, 13], "texture": "#0"},
				"up": {"uv": [0, 0, 8, 5], "texture": "#0"},
				"down": {"uv": [1, 3, 9, 8], "texture": "#1"}
			}
		},
		{
			"from": [1, 9, 3],
			"to": [3, 17, 5],
			"faces": {
				"north": {"uv": [1, 8, 9, 9], "rotation": 90, "texture": "#1"},
				"east": {"uv": [10, 1, 12, 9], "texture": "#0"},
				"south": {"uv": [0, 0, 8, 2], "rotation": 90, "texture": "#1"},
				"west": {"uv": [11, 1, 13, 9], "texture": "#0"},
				"up": {"uv": [0, 4, 2, 6], "texture": "#2"},
				"down": {"uv": [0, 5, 2, 7], "texture": "#2"}
			}
		},
		{
			"from": [0.5, 15, 2],
			"to": [3.5, 18, 4],
			"faces": {
				"north": {"uv": [3, 11, 6, 14], "texture": "#2"},
				"east": {"uv": [0, 14, 3, 16], "rotation": 270, "texture": "#2"},
				"south": {"uv": [0, 11, 3, 14], "texture": "#2"},
				"west": {"uv": [0, 14, 3, 16], "rotation": 90, "texture": "#2"},
				"up": {"uv": [0, 14, 3, 16], "rotation": 180, "texture": "#2"},
				"down": {"uv": [0, 14, 3, 16], "texture": "#2"}
			}
		},
		{
			"from": [0.5, 8, 2],
			"to": [3.5, 11, 4],
			"faces": {
				"north": {"uv": [3, 11, 6, 14], "texture": "#2"},
				"east": {"uv": [0, 14, 3, 16], "rotation": 270, "texture": "#2"},
				"south": {"uv": [0, 11, 3, 14], "texture": "#2"},
				"west": {"uv": [0, 14, 3, 16], "rotation": 90, "texture": "#2"},
				"up": {"uv": [0, 14, 3, 16], "rotation": 180, "texture": "#2"},
				"down": {"uv": [0, 14, 3, 16], "texture": "#2"}
			}
		},
		{
			"from": [0, 14, 2],
			"to": [4, 15, 3],
			"faces": {
				"north": {"uv": [2, 13, 6, 14], "texture": "#0"},
				"east": {"uv": [2, 13, 3, 14], "texture": "#0"},
				"south": {"uv": [2, 13, 6, 14], "texture": "#0"},
				"west": {"uv": [5, 13, 6, 14], "texture": "#0"},
				"up": {"uv": [2, 13, 6, 14], "texture": "#0"},
				"down": {"uv": [2, 13, 6, 14], "texture": "#0"}
			}
		},
		{
			"from": [1.5, 2, 2.5],
			"to": [2.5, 8, 3.5],
			"faces": {
				"north": {"uv": [8, 10, 9, 16], "texture": "#2"},
				"east": {"uv": [9, 10, 10, 16], "texture": "#2"},
				"south": {"uv": [8, 10, 9, 16], "texture": "#2"},
				"west": {"uv": [9, 10, 10, 16], "texture": "#2"},
				"down": {"uv": [9, 8, 10, 9], "texture": "#2"}
			}
		},
		{
			"from": [1.5, 2, 0.5],
			"to": [2.5, 3, 2.5],
			"faces": {
				"north": {"uv": [8, 14, 9, 15], "texture": "#2"},
				"east": {"uv": [8, 11, 10, 12], "texture": "#2"},
				"south": {"uv": [9, 10, 10, 11], "texture": "#2"},
				"west": {"uv": [8, 8, 10, 9], "texture": "#2"},
				"up": {"uv": [9, 10, 10, 12], "texture": "#2"},
				"down": {"uv": [9, 9, 10, 11], "texture": "#2"}
			}
		},
		{
			"from": [2.5, 2, 0.5],
			"to": [3.5, 3, 1.5],
			"faces": {
				"north": {"uv": [9, 10, 10, 11], "texture": "#2"},
				"east": {"uv": [9, 10, 10, 11], "texture": "#2"},
				"south": {"uv": [9, 10, 10, 11], "texture": "#2"},
				"west": {"uv": [9, 10, 10, 11], "texture": "#2"},
				"up": {"uv": [9, 10, 10, 11], "texture": "#2"},
				"down": {"uv": [9, 10, 10, 11], "texture": "#2"}
			}
		}
	],
	"display": {
		"thirdperson_righthand": {
			"translation": [0, 0, 1],
			"scale": [0.5, 0.5, 0.5]
		},
		"thirdperson_lefthand": {
			"translation": [0, 0, 1],
			"scale": [0.5, 0.5, 0.5]
		},
		"firstperson_righthand": {
			"translation": [0, 0, 6],
			"scale": [0.4, 0.4, 0.4]
		},
		"firstperson_lefthand": {
			"translation": [0, 0, 6],
			"scale": [0.4, 0.4, 0.4]
		},
		"ground": {
			"scale": [0.5, 0.5, 0.5]
		},
		"gui": {
			"rotation": [30, 45, 0],
			"translation": [2.5, -2, 0],
			"scale": [0.6, 0.6, 0.6]
		},
		"head": {
			"rotation": [0, -180, 0],
			"translation": [0, 14, -2]
		},
		"fixed": {
			"rotation": [0, -180, 0],
			"translation": [0, 0, -14],
			"scale": [2, 2, 2]
		}
	}
}