{
	"credit": "Made with Blockbench",
	"textures": {
		"0": "block/record_1",
		"1": "block/recordplayer_green",
		"2": "block/recordplayer_inside",
		"3": "block/recordplayer_green_b",
		"particle": "block/record_1"
	},
	"elements": [
		{
			"from": [1, 1, 1],
			"to": [15, 5, 14],
			"faces": {
				"north": {"uv": [0, 4, 14, 8], "texture": "#1"},
				"east": {"uv": [0, 8, 13, 12], "texture": "#1"},
				"south": {"uv": [0, 12, 14, 16], "texture": "#1"},
				"west": {"uv": [0, 8, 13, 12], "texture": "#1"},
				"up": {"uv": [0, 0, 14, 13], "texture": "#3"},
				"down": {"uv": [0, 0, 14, 13], "texture": "#3"}
			}
		},
		{
			"from": [2, 5.01, 2],
			"to": [14, 5.01, 13],
			"faces": {
				"north": {"uv": [0, 4, 14, 8], "texture": "#1"},
				"east": {"uv": [0, 8, 13, 12], "texture": "#1"},
				"south": {"uv": [0, 12, 14, 16], "texture": "#1"},
				"west": {"uv": [0, 8, 13, 12], "texture": "#1"},
				"up": {"uv": [1, 1, 13, 12], "texture": "#2"}
			}
		},
		{
			"from": [1, 5, -2],
			"to": [15, 18, -1],
			"rotation": {"angle": 22.5, "axis": "x", "origin": [8, 5, 1]},
			"faces": {
				"north": {"uv": [0, 0, 14, 13], "rotation": 180, "texture": "#3"},
				"east": {"uv": [0, 10, 13, 11], "rotation": 90, "texture": "#1"},
				"south": {"uv": [0, 0, 14, 13], "texture": "#2"},
				"west": {"uv": [0, 10, 13, 11], "rotation": 270, "texture": "#1"},
				"up": {"uv": [0, 6, 14, 7], "texture": "#1"},
				"down": {"uv": [0, 6, 14, 7], "rotation": 180, "texture": "#1"}
			}
		},
		{
			"from": [5, 11, -0.99],
			"to": [11, 14, -0.99],
			"rotation": {"angle": 22.5, "axis": "x", "origin": [8, 5, 1]},
			"faces": {
				"east": {"uv": [0, 0, 13, 1], "rotation": 90, "texture": "#missing"},
				"south": {"uv": [0, 13, 6, 16], "texture": "#2"},
				"west": {"uv": [0, 10, 13, 11], "rotation": 270, "texture": "#1"},
				"up": {"uv": [0, 0, 14, 1], "texture": "#missing"},
				"down": {"uv": [0, 0, 14, 1], "rotation": 180, "texture": "#missing"}
			}
		},
		{
			"from": [14, 5, -1],
			"to": [15, 18, 1],
			"rotation": {"angle": 22.5, "axis": "x", "origin": [8, 5, 1]},
			"faces": {
				"east": {"uv": [0, 8, 13, 10], "rotation": 270, "texture": "#1"},
				"south": {"uv": [13, 0, 14, 13], "texture": "#3"},
				"west": {"uv": [0, 1, 13, 3], "rotation": 270, "texture": "#2"},
				"up": {"uv": [13, 4, 14, 6], "rotation": 180, "texture": "#1"},
				"down": {"uv": [0, 4, 1, 6], "texture": "#1"}
			}
		},
		{
			"from": [1, 5, -1],
			"to": [2, 18, 1],
			"rotation": {"angle": 22.5, "axis": "x", "origin": [8, 5, 1]},
			"faces": {
				"east": {"uv": [0, 10, 13, 12], "rotation": 90, "texture": "#2"},
				"south": {"uv": [0, 0, 1, 13], "texture": "#3"},
				"west": {"uv": [0, 8, 13, 10], "rotation": 90, "texture": "#1"},
				"up": {"uv": [0, 4, 1, 6], "rotation": 180, "texture": "#1"},
				"down": {"uv": [13, 4, 14, 6], "texture": "#1"}
			}
		},
		{
			"from": [2, 5, -1],
			"to": [14, 6, 1],
			"rotation": {"angle": 22.5, "axis": "x", "origin": [8, 5, 1]},
			"faces": {
				"north": {"uv": [0, 0, 12, 1], "rotation": 180, "texture": "#missing"},
				"east": {"uv": [0, 0, 1, 2], "rotation": 90, "texture": "#missing"},
				"south": {"uv": [1, 12, 13, 13], "texture": "#3"},
				"west": {"uv": [0, 0, 1, 2], "rotation": 270, "texture": "#missing"},
				"up": {"uv": [1, 1, 13, 3], "rotation": 180, "texture": "#2"},
				"down": {"uv": [1, 4, 13, 6], "texture": "#1"}
			}
		},
		{
			"from": [2, 17, -1],
			"to": [14, 18, 1],
			"rotation": {"angle": 22.5, "axis": "x", "origin": [8, 5, 1]},
			"faces": {
				"north": {"uv": [0, 0, 12, 1], "rotation": 180, "texture": "#missing"},
				"east": {"uv": [0, 0, 1, 2], "rotation": 90, "texture": "#missing"},
				"south": {"uv": [1, 0, 13, 1], "texture": "#3"},
				"west": {"uv": [0, 0, 1, 2], "rotation": 270, "texture": "#missing"},
				"up": {"uv": [1, 4, 13, 6], "rotation": 180, "texture": "#1"},
				"down": {"uv": [1, 10, 13, 12], "rotation": 180, "texture": "#2"}
			}
		},
		{
			"from": [2, 0, 2],
			"to": [3, 1, 3],
			"faces": {
				"north": {"uv": [15, 13, 16, 14], "texture": "#1"},
				"east": {"uv": [15, 13, 16, 14], "texture": "#1"},
				"south": {"uv": [15, 13, 16, 14], "texture": "#1"},
				"west": {"uv": [15, 13, 16, 14], "texture": "#1"},
				"up": {"uv": [15, 13, 16, 14], "texture": "#1"},
				"down": {"uv": [15, 13, 16, 14], "texture": "#1"}
			}
		},
		{
			"from": [2, 0, 12],
			"to": [3, 1, 13],
			"faces": {
				"north": {"uv": [15, 13, 16, 14], "texture": "#1"},
				"east": {"uv": [15, 13, 16, 14], "texture": "#1"},
				"south": {"uv": [15, 13, 16, 14], "texture": "#1"},
				"west": {"uv": [15, 13, 16, 14], "texture": "#1"},
				"up": {"uv": [15, 13, 16, 14], "texture": "#1"},
				"down": {"uv": [15, 13, 16, 14], "texture": "#1"}
			}
		},
		{
			"from": [13, 0, 12],
			"to": [14, 1, 13],
			"faces": {
				"north": {"uv": [15, 13, 16, 14], "texture": "#1"},
				"east": {"uv": [15, 13, 16, 14], "texture": "#1"},
				"south": {"uv": [15, 13, 16, 14], "texture": "#1"},
				"west": {"uv": [15, 13, 16, 14], "texture": "#1"},
				"up": {"uv": [15, 13, 16, 14], "texture": "#1"},
				"down": {"uv": [15, 13, 16, 14], "texture": "#1"}
			}
		},
		{
			"from": [13, 0, 2],
			"to": [14, 1, 3],
			"faces": {
				"north": {"uv": [15, 13, 16, 14], "texture": "#1"},
				"east": {"uv": [15, 13, 16, 14], "texture": "#1"},
				"south": {"uv": [15, 13, 16, 14], "texture": "#1"},
				"west": {"uv": [15, 13, 16, 14], "texture": "#1"},
				"up": {"uv": [15, 13, 16, 14], "texture": "#1"},
				"down": {"uv": [15, 13, 16, 14], "texture": "#1"}
			}
		},
		{
			"from": [6, 2, 14],
			"to": [10, 4, 15],
			"faces": {
				"east": {"uv": [14, 12, 16, 13], "rotation": 90, "texture": "#1"},
				"south": {"uv": [14, 12, 16, 16], "rotation": 90, "texture": "#1"},
				"west": {"uv": [14, 12, 16, 13], "rotation": 90, "texture": "#1"},
				"up": {"uv": [14, 12, 15, 16], "rotation": 90, "texture": "#1"},
				"down": {"uv": [15, 12, 16, 16], "rotation": 90, "texture": "#1"}
			}
		},
		{
			"from": [7.5, 4, 14.01],
			"to": [8.5, 5, 14.01],
			"faces": {
				"north": {"uv": [15, 15, 16, 16], "rotation": 90, "texture": "#1"},
				"east": {"uv": [15, 15, 16, 16], "rotation": 90, "texture": "#1"},
				"south": {"uv": [11, 13, 12, 14], "rotation": 90, "texture": "#1"},
				"west": {"uv": [15, 15, 16, 16], "rotation": 90, "texture": "#1"},
				"up": {"uv": [15, 15, 16, 16], "rotation": 90, "texture": "#1"},
				"down": {"uv": [15, 15, 16, 16], "rotation": 90, "texture": "#1"}
			}
		},
		{
			"from": [12, 5, 11],
			"to": [13, 6, 12],
			"faces": {
				"north": {"uv": [15, 1, 16, 2], "texture": "#0"},
				"east": {"uv": [15, 1, 16, 2], "texture": "#0"},
				"south": {"uv": [15, 1, 16, 2], "texture": "#0"},
				"west": {"uv": [15, 1, 16, 2], "texture": "#0"},
				"up": {"uv": [15, 1, 16, 2], "texture": "#0"}
			}
		},
		{
			"from": [4.5, 5, 7.5],
			"to": [5.5, 7, 8.5],
			"faces": {
				"north": {"uv": [15, 7, 16, 9], "texture": "#0"},
				"east": {"uv": [15, 7, 16, 9], "texture": "#0"},
				"south": {"uv": [15, 7, 16, 9], "texture": "#0"},
				"west": {"uv": [15, 7, 16, 9], "texture": "#0"},
				"up": {"uv": [15, 3, 16, 4], "texture": "#0"}
			}
		},
		{
			"from": [12.5, 5, 4.5],
			"to": [13.5, 6, 5.5],
			"rotation": {"angle": -45, "axis": "y", "origin": [13, 5, 5]},
			"faces": {
				"north": {"uv": [15, 9, 16, 10], "texture": "#0"},
				"east": {"uv": [15, 9, 16, 10], "texture": "#0"},
				"south": {"uv": [15, 9, 16, 10], "texture": "#0"},
				"west": {"uv": [15, 9, 16, 10], "texture": "#0"}
			}
		},
		{
			"from": [12.5, 6.01, 6],
			"to": [13.5, 7.01, 12],
			"rotation": {"angle": -45, "axis": "y", "origin": [13, 5, 5]},
			"faces": {
				"east": {"uv": [15, 7, 16, 13], "rotation": 90, "texture": "#1"},
				"south": {"uv": [15, 12, 16, 13], "texture": "#1"},
				"west": {"uv": [15, 7, 16, 13], "rotation": 270, "texture": "#1"},
				"up": {"uv": [15, 2, 16, 8], "texture": "#0"}
			}
		},
		{
			"from": [12, 6, 4],
			"to": [14, 7, 6],
			"rotation": {"angle": -45, "axis": "y", "origin": [13, 7, 5]},
			"faces": {
				"north": {"uv": [14, 1, 16, 2], "texture": "#0"},
				"east": {"uv": [14, 0, 16, 1], "texture": "#0"},
				"south": {"uv": [14, 1, 16, 2], "texture": "#0"},
				"west": {"uv": [14, 0, 16, 1], "texture": "#0"},
				"up": {"uv": [14, 0, 16, 2], "texture": "#0"},
				"down": {"uv": [14, 0, 16, 2], "texture": "#0"}
			}
		},
		{
			"from": [0, 6, 3],
			"to": [10, 6, 13],
			"rotation": {"angle": 0, "axis": "y", "origin": [6, 6, 8]},
			"faces": {
				"north": {"uv": [0, 0, 10, 0], "texture": "#missing"},
				"east": {"uv": [0, 0, 10, 0], "texture": "#missing"},
				"south": {"uv": [0, 0, 10, 0], "texture": "#missing"},
				"west": {"uv": [0, 0, 10, 0], "texture": "#missing"},
				"up": {"uv": [0, 0, 10, 10], "texture": "#0"},
				"down": {"uv": [0, 0, 10, 10], "texture": "#0"}
			}
		},
		{
			"from": [11, 5.02, 3],
			"to": [13, 5.02, 9],
			"rotation": {"angle": 0, "axis": "y", "origin": [6, 6, 8]},
			"faces": {
				"north": {"uv": [0, 0, 2, 0], "texture": "#missing"},
				"east": {"uv": [0, 0, 6, 0], "texture": "#missing"},
				"south": {"uv": [0, 0, 2, 0], "texture": "#missing"},
				"west": {"uv": [0, 0, 6, 0], "texture": "#missing"},
				"up": {"uv": [11, 0, 13, 6], "texture": "#0"}
			}
		},
		{
			"from": [3.5, 6.01, 6.5],
			"to": [6.5, 6.01, 9.5],
			"rotation": {"angle": 0, "axis": "y", "origin": [6, 6, 8]},
			"faces": {
				"north": {"uv": [0, 0, 10, 0], "texture": "#missing"},
				"east": {"uv": [0, 0, 10, 0], "texture": "#missing"},
				"south": {"uv": [0, 0, 10, 0], "texture": "#missing"},
				"west": {"uv": [0, 0, 10, 0], "texture": "#missing"},
				"up": {"uv": [0, 10, 3, 13], "texture": "#0"},
				"down": {"uv": [0, 0, 10, 10], "texture": "#0"}
			}
		}
	],
	"display": {
		"thirdperson_righthand": {
			"translation": [0, 0, -3],
			"scale": [0.5, 0.5, 0.5]
		},
		"thirdperson_lefthand": {
			"translation": [0, 0, -3],
			"scale": [0.5, 0.5, 0.5]
		},
		"firstperson_righthand": {
			"scale": [0.5, 0.5, 0.5]
		},
		"firstperson_lefthand": {
			"scale": [0.5, 0.5, 0.5]
		},
		"ground": {
			"scale": [0.5, 0.5, 0.5]
		},
		"gui": {
			"rotation": [30, 45, 0],
			"scale": [0.5, 0.5, 0.5]
		},
		"head": {
			"rotation": [0, -180, 0],
			"translation": [0, 14, 0]
		},
		"fixed": {
			"rotation": [-90, -180, 0],
			"translation": [0, 0, -14],
			"scale": [2, 2, 2]
		}
	}
}