{
	"credit": "Made with Blockbench",
	"textures": {
		"1": "block/spruce_planks_a",
		"2": "block/polaroid photos",
		"3": "block/oak_planks_a",
		"particle": "block/oak_planks_a"
	},
	"elements": [
		{
			"from": [0, 0.01, 10.5],
			"to": [16, 0.01, 11],
			"rotation": {"angle": 0, "axis": "y", "origin": [23, 8, 18]},
			"faces": {
				"north": {"uv": [0, 6, 16, 7], "texture": "#1"},
				"east": {"uv": [0, 6, 16, 7], "texture": "#1"},
				"south": {"uv": [0, 6, 16, 7], "texture": "#1"},
				"west": {"uv": [0, 6, 16, 7], "texture": "#1"},
				"up": {"uv": [0, 7, 16, 8], "texture": "#1"},
				"down": {"uv": [0, 6, 16, 7], "texture": "#1"}
			}
		},
		{
			"from": [11, 0.01, 4],
			"to": [15, 0.01, 10],
			"rotation": {"angle": 0, "axis": "y", "origin": [20, 4, 14]},
			"faces": {
				"north": {"uv": [0, 5, 4, 9], "texture": "#2"},
				"east": {"uv": [0, 4, 4, 8], "rotation": 270, "texture": "#2"},
				"south": {"uv": [0, 4, 4, 8], "texture": "#2"},
				"west": {"uv": [0, 4, 4, 8], "rotation": 90, "texture": "#2"},
				"up": {"uv": [12, 0, 16, 6], "rotation": 180, "texture": "#2"},
				"down": {"uv": [12, 0, 16, 6], "texture": "#2"}
			}
		},
		{
			"from": [6, 0.01, 4],
			"to": [10, 0.01, 10],
			"rotation": {"angle": 0, "axis": "y", "origin": [15, 4, 15]},
			"faces": {
				"north": {"uv": [0, 5, 4, 9], "texture": "#2"},
				"east": {"uv": [0, 4, 4, 8], "rotation": 270, "texture": "#2"},
				"south": {"uv": [0, 4, 4, 8], "texture": "#2"},
				"west": {"uv": [0, 4, 4, 8], "rotation": 90, "texture": "#2"},
				"up": {"uv": [12, 10, 16, 16], "rotation": 180, "texture": "#2"},
				"down": {"uv": [12, 10, 16, 16], "texture": "#2"}
			}
		},
		{
			"from": [1, 0.01, 4],
			"to": [5, 0.01, 10],
			"rotation": {"angle": 0, "axis": "y", "origin": [10, 4, 14]},
			"faces": {
				"north": {"uv": [0, 5, 4, 9], "texture": "#2"},
				"east": {"uv": [0, 4, 4, 8], "rotation": 270, "texture": "#2"},
				"south": {"uv": [0, 4, 4, 8], "texture": "#2"},
				"west": {"uv": [0, 4, 4, 8], "rotation": 90, "texture": "#2"},
				"up": {"uv": [8, 10, 12, 16], "rotation": 180, "texture": "#2"},
				"down": {"uv": [8, 10, 12, 16], "texture": "#2"}
			}
		},
		{
			"from": [12.5, 0, 9.5],
			"to": [13.5, 0.02, 11.5],
			"rotation": {"angle": 0, "axis": "y", "origin": [20, 8, 17]},
			"faces": {
				"north": {"uv": [0, 0, 1, 3], "texture": "#3"},
				"east": {"uv": [0, 0, 1, 3], "texture": "#3"},
				"south": {"uv": [0, 0, 1, 3], "texture": "#3"},
				"west": {"uv": [0, 0, 1, 3], "texture": "#3"},
				"up": {"uv": [0, 1, 1, 3], "texture": "#3"},
				"down": {"uv": [15, 1, 16, 3], "texture": "#3"}
			}
		},
		{
			"from": [7.5, 0, 9.5],
			"to": [8.5, 0.02, 11.5],
			"rotation": {"angle": 0, "axis": "y", "origin": [15, 8, 17]},
			"faces": {
				"north": {"uv": [0, 0, 1, 3], "texture": "#3"},
				"east": {"uv": [0, 0, 1, 3], "texture": "#3"},
				"south": {"uv": [0, 0, 1, 3], "texture": "#3"},
				"west": {"uv": [0, 0, 1, 3], "texture": "#3"},
				"up": {"uv": [7, 1, 8, 3], "texture": "#3"},
				"down": {"uv": [7, 1, 8, 3], "texture": "#3"}
			}
		},
		{
			"from": [2.5, 0, 9.5],
			"to": [3.5, 0.02, 11.5],
			"rotation": {"angle": 0, "axis": "y", "origin": [10, 8, 17]},
			"faces": {
				"north": {"uv": [0, 0, 1, 3], "texture": "#3"},
				"east": {"uv": [0, 0, 1, 3], "texture": "#3"},
				"south": {"uv": [0, 0, 1, 3], "texture": "#3"},
				"west": {"uv": [0, 0, 1, 3], "texture": "#3"},
				"up": {"uv": [15, 1, 16, 3], "texture": "#3"},
				"down": {"uv": [0, 1, 1, 3], "texture": "#3"}
			}
		},
		{
			"from": [11.5, 0.02, 6],
			"to": [14.5, 0.02, 9],
			"rotation": {"angle": 0, "axis": "y", "origin": [21, 8, 13]},
			"faces": {
				"north": {"uv": [0, 0, 3, 0], "texture": "#missing"},
				"east": {"uv": [0, 0, 3, 0], "texture": "#missing"},
				"south": {"uv": [0, 0, 3, 0], "texture": "#missing"},
				"west": {"uv": [0, 0, 3, 0], "texture": "#missing"},
				"up": {"uv": [10, 6, 13, 9], "texture": "#2"},
				"down": {"uv": [0, 0, 3, 3], "texture": "#missing"}
			}
		},
		{
			"from": [6.5, 0.02, 6],
			"to": [9.5, 0.02, 9],
			"rotation": {"angle": 0, "axis": "y", "origin": [16, 8, 14]},
			"faces": {
				"north": {"uv": [0, 0, 3, 0], "texture": "#missing"},
				"east": {"uv": [0, 0, 3, 0], "texture": "#missing"},
				"south": {"uv": [0, 0, 3, 0], "texture": "#missing"},
				"west": {"uv": [0, 0, 3, 0], "texture": "#missing"},
				"up": {"uv": [13, 6, 16, 9], "texture": "#2"},
				"down": {"uv": [0, 0, 3, 3], "texture": "#missing"}
			}
		},
		{
			"from": [1.5, 0.02, 6],
			"to": [4.5, 0.02, 9],
			"rotation": {"angle": 0, "axis": "y", "origin": [11, 8, 13]},
			"faces": {
				"north": {"uv": [0, 0, 3, 0], "texture": "#missing"},
				"east": {"uv": [0, 0, 3, 0], "texture": "#missing"},
				"south": {"uv": [0, 0, 3, 0], "texture": "#missing"},
				"west": {"uv": [0, 0, 3, 0], "texture": "#missing"},
				"up": {"uv": [7, 6, 10, 9], "texture": "#2"},
				"down": {"uv": [0, 0, 3, 3], "texture": "#missing"}
			}
		}
	],
	"gui_light": "front",
	"display": {
		"thirdperson_righthand": {
			"translation": [0, 2.25, -2.5],
			"scale": [0.5, 0.5, 0.5]
		},
		"thirdperson_lefthand": {
			"translation": [0, 2, -2.5],
			"scale": [0.5, 0.5, 0.5]
		},
		"ground": {
			"rotation": [-90, 0, 0],
			"scale": [0.5, 0.5, 0.5]
		},
		"gui": {
			"rotation": [90, -180, 0]
		},
		"fixed": {
			"rotation": [-90, 0, 0],
			"translation": [0, 0, -14],
			"scale": [2, 2, 2]
		}
	}
}