{
  "variants": {
    "age=0": {
      "model": "minecraft:block/wheat_stage0"
    },
    "age=1": {
      "model": "minecraft:block/wheat_stage0"
    },
    "age=2": {
      "model": "minecraft:block/wheat_stage0"
    },
    "age=3": {
      "model": "minecraft:block/wheat_stage1"
    },
    "age=4": {
      "model": "minecraft:block/wheat_stage1"
    },
    "age=5": {
      "model": "minecraft:block/wheat_stage2"
    },
    "age=6": {
      "model": "minecraft:block/wheat_stage2"
    },
    "age=7": [ 
	{
      "model": "minecraft:block/wheat_stage3"
    },
	{
      "model": "minecraft:block/wheat_stage3_pos1"
    },
	{
      "model": "minecraft:block/wheat_stage3_pos2"
    },
	{
      "model": "minecraft:block/wheat_stage3_pos3"
    }
    ]
  }
}