{
	"credit": "Made with Blockbench",
	"textures": {
		"0": "block/yellow_wool",
		"1": "block/beret1_stitch",
		"particle": "block/yellow_wool"
	},
	"elements": [
		{
			"from": [3.3, -0.05, 3.75],
			"to": [12.8, 2, 12.75],
			"rotation": {"angle": 0, "axis": "y", "origin": [0, -8, 0.25]},
			"faces": {
				"north": {"uv": [0.06, 0.06, 9.5, 1.94], "texture": "#0"},
				"east": {"uv": [0.06, 0.06, 8.94, 1.94], "texture": "#0"},
				"south": {"uv": [0.06, 0.06, 9.5, 1.94], "texture": "#0"},
				"west": {"uv": [0.06, 0.06, 8.94, 1.94], "texture": "#0"},
				"up": {"uv": [0.06, 0.06, 9.5, 8.94], "texture": "#0"},
				"down": {"uv": [0.06, 0.06, 9.5, 8.94], "texture": "#0"}
			}
		},
		{
			"from": [11, 0, 6.65],
			"to": [13, 5, 14.65],
			"rotation": {"angle": 22.5, "axis": "x", "origin": [8, 3.75, 8]},
			"faces": {
				"north": {"uv": [0.06, 0.06, 1.94, 4.94], "texture": "#0"},
				"east": {"uv": [0.06, 0.06, 7.94, 4.94], "texture": "#0"},
				"south": {"uv": [0.06, 0.06, 1.94, 4.94], "texture": "#0"},
				"west": {"uv": [0.06, 0.06, 7.94, 4.94], "texture": "#0"},
				"up": {"uv": [0.06, 0.06, 1.94, 7.94], "texture": "#0"},
				"down": {"uv": [0.06, 0.06, 1.94, 7.94], "texture": "#0"}
			}
		},
		{
			"from": [5, 3, 6.65],
			"to": [11, 5, 12.65],
			"rotation": {"angle": 22.5, "axis": "x", "origin": [8, 3.75, 8]},
			"faces": {
				"north": {"uv": [0.06, 0.06, 5.94, 1.94], "texture": "#0"},
				"east": {"uv": [0.06, 0.06, 5.94, 1.94], "texture": "#0"},
				"south": {"uv": [0.06, 0.06, 5.94, 1.94], "texture": "#0"},
				"west": {"uv": [0.06, 0.06, 5.94, 1.94], "texture": "#0"},
				"up": {"uv": [0.06, 0.06, 5.94, 5.94], "texture": "#0"},
				"down": {"uv": [0.06, 0.06, 5.94, 5.94], "texture": "#0"}
			}
		},
		{
			"from": [3, 0, 4.65],
			"to": [13, 5, 6.65],
			"rotation": {"angle": 22.5, "axis": "x", "origin": [8, 3.75, 8]},
			"faces": {
				"north": {"uv": [0.06, 0.06, 9.94, 4.94], "texture": "#0"},
				"east": {"uv": [0.06, 0.06, 1.94, 4.94], "texture": "#0"},
				"south": {"uv": [0.06, 0.06, 9.94, 4.94], "texture": "#0"},
				"west": {"uv": [0.06, 0.06, 1.94, 4.94], "texture": "#0"},
				"up": {"uv": [0.06, 0.06, 9.94, 1.94], "texture": "#0"},
				"down": {"uv": [0.06, 0.06, 9.94, 1.94], "texture": "#0"}
			}
		},
		{
			"from": [5, 0, 12.65],
			"to": [11, 5, 14.65],
			"rotation": {"angle": 22.5, "axis": "x", "origin": [8, 3.75, 8]},
			"faces": {
				"north": {"uv": [0.06, 0.06, 5.94, 4.94], "texture": "#0"},
				"east": {"uv": [0.06, 0.06, 1.94, 4.94], "texture": "#0"},
				"south": {"uv": [0.06, 0.06, 5.94, 4.94], "texture": "#0"},
				"west": {"uv": [0.06, 0.06, 1.94, 4.94], "texture": "#0"},
				"up": {"uv": [0.06, 0.06, 5.94, 1.94], "texture": "#0"},
				"down": {"uv": [0.06, 0.06, 5.94, 1.94], "texture": "#0"}
			}
		},
		{
			"from": [3, 0, 6.65],
			"to": [5, 5, 14.65],
			"rotation": {"angle": 22.5, "axis": "x", "origin": [8, 3.75, 8]},
			"faces": {
				"north": {"uv": [0.06, 0.06, 1.94, 4.94], "texture": "#0"},
				"east": {"uv": [0.06, 0.06, 7.94, 4.94], "texture": "#0"},
				"south": {"uv": [0.06, 0.06, 1.94, 4.94], "texture": "#0"},
				"west": {"uv": [0.06, 0.06, 7.94, 4.94], "texture": "#0"},
				"up": {"uv": [0.06, 0.06, 1.94, 7.94], "texture": "#0"},
				"down": {"uv": [0.06, 0.06, 1.94, 7.94], "texture": "#0"}
			}
		},
		{
			"from": [6.5, 4.95, 8.15],
			"to": [9.5, 5.95, 11.15],
			"rotation": {"angle": 22.5, "axis": "x", "origin": [8, 3.75, 8]},
			"faces": {
				"north": {"uv": [0.06, 0.06, 2.94, 0.94], "texture": "#0"},
				"east": {"uv": [0.06, 0.06, 2.94, 0.94], "texture": "#0"},
				"south": {"uv": [0.06, 0.06, 2.94, 0.94], "texture": "#0"},
				"west": {"uv": [0.06, 0.06, 2.94, 0.94], "texture": "#0"},
				"up": {"uv": [0.06, 0.06, 2.94, 2.94], "texture": "#0"},
				"down": {"uv": [0.06, 0.06, 2.94, 2.94], "texture": "#0"}
			}
		},
		{
			"from": [5.26746, -0.15538, 1],
			"to": [10.85746, 0.84462, 4],
			"rotation": {"angle": 0, "axis": "y", "origin": [0.36746, -8.15538, 0.5]},
			"faces": {
				"north": {"uv": [3.06, 4.06, 8.59, 4.94], "texture": "#0"},
				"east": {"uv": [0.06, 0.06, 2.94, 0.94], "texture": "#0"},
				"south": {"uv": [0.06, 0.06, 5.59, 0.94], "texture": "#0"},
				"west": {"uv": [0.06, 0.06, 2.94, 0.94], "texture": "#0"},
				"up": {"uv": [0.06, 0.06, 5.59, 2.94], "texture": "#0"},
				"down": {"uv": [0.06, 0.06, 5.59, 2.94], "texture": "#0"}
			}
		},
		{
			"from": [3.53492, -0.5, 1.001],
			"to": [5.53492, 0.5, 4.001],
			"rotation": {"angle": 22.5, "axis": "z", "origin": [4.53492, 0, 2.5]},
			"faces": {
				"north": {"uv": [5.06, 4.06, 6.94, 4.94], "texture": "#0"},
				"east": {"uv": [0.06, 0.06, 2.94, 0.94], "texture": "#0"},
				"south": {"uv": [0.06, 0.06, 1.94, 0.94], "texture": "#0"},
				"west": {"uv": [0.06, 0.06, 2.94, 0.94], "texture": "#0"},
				"up": {"uv": [0.06, 0.06, 1.94, 2.94], "texture": "#0"},
				"down": {"uv": [0.06, 0.06, 1.94, 2.94], "texture": "#0"}
			}
		},
		{
			"from": [3.53492, -0.5, 4],
			"to": [4.53492, 0.5, 9],
			"rotation": {"angle": 22.5, "axis": "z", "origin": [4.53492, 0, 2.5]},
			"faces": {
				"north": {"uv": [0.06, 0.06, 0.94, 0.94], "texture": "#0"},
				"east": {"uv": [0.06, 0.06, 4.94, 0.94], "texture": "#0"},
				"south": {"uv": [0.06, 0.06, 0.94, 0.94], "texture": "#0"},
				"west": {"uv": [0.06, 0.06, 4.94, 0.94], "texture": "#0"},
				"up": {"uv": [0.06, 0.06, 0.94, 4.94], "texture": "#0"},
				"down": {"uv": [0.06, 0.06, 0.94, 4.94], "texture": "#0"}
			}
		},
		{
			"from": [10.59, -0.5, 1.001],
			"to": [12.59, 0.5, 4.001],
			"rotation": {"angle": -22.5, "axis": "z", "origin": [11.59, 0, 2.5]},
			"faces": {
				"north": {"uv": [1.06, 3.06, 2.94, 3.94], "texture": "#0"},
				"east": {"uv": [0.06, 0.06, 2.94, 0.94], "texture": "#0"},
				"south": {"uv": [0.06, 0.06, 1.94, 0.94], "texture": "#0"},
				"west": {"uv": [0.06, 0.06, 2.94, 0.94], "texture": "#0"},
				"up": {"uv": [0.06, 0.06, 1.94, 2.94], "texture": "#0"},
				"down": {"uv": [0.06, 0.06, 1.94, 2.94], "texture": "#0"}
			}
		},
		{
			"from": [11.59, -0.5, 4],
			"to": [12.59, 0.4, 9],
			"rotation": {"angle": -22.5, "axis": "z", "origin": [11.59, 0, 2.5]},
			"faces": {
				"north": {"uv": [0.06, 0.06, 0.94, 0.9], "texture": "#0"},
				"east": {"uv": [0.06, 0.06, 4.94, 0.9], "texture": "#0"},
				"south": {"uv": [0.06, 0.06, 0.94, 0.9], "texture": "#0"},
				"west": {"uv": [0.06, 0.06, 4.94, 0.9], "texture": "#0"},
				"up": {"uv": [0.06, 0.06, 0.94, 4.94], "texture": "#0"},
				"down": {"uv": [0.06, 0.06, 0.94, 4.94], "texture": "#0"}
			}
		},
		{
			"from": [12, 0, 4.55],
			"to": [13, 1, 4.55],
			"rotation": {"angle": 22.5, "axis": "x", "origin": [8, 3.75, 8]},
			"faces": {
				"north": {"uv": [0.06, 0.06, 0.94, 0.94], "texture": "#1"}
			}
		},
		{
			"from": [12, 2, 4.55],
			"to": [13, 3, 4.55],
			"rotation": {"angle": 22.5, "axis": "x", "origin": [8, 3.75, 8]},
			"faces": {
				"north": {"uv": [0.06, 0.06, 0.94, 0.94], "texture": "#1"}
			}
		},
		{
			"from": [12, 4, 4.55],
			"to": [13, 5, 4.55],
			"rotation": {"angle": 22.5, "axis": "x", "origin": [8, 3.75, 8]},
			"faces": {
				"north": {"uv": [0.06, 0.06, 0.94, 0.94], "texture": "#1"}
			}
		},
		{
			"from": [3, 4, 4.55],
			"to": [4, 5, 4.55],
			"rotation": {"angle": 22.5, "axis": "x", "origin": [8, 3.75, 8]},
			"faces": {
				"north": {"uv": [0.06, 0.06, 0.94, 0.94], "texture": "#1"}
			}
		},
		{
			"from": [3, 2, 4.55],
			"to": [4, 3, 4.55],
			"rotation": {"angle": 22.5, "axis": "x", "origin": [8, 3.75, 8]},
			"faces": {
				"north": {"uv": [0.06, 0.06, 0.94, 0.94], "texture": "#1"}
			}
		},
		{
			"from": [3, 0, 4.55],
			"to": [4, 1, 4.55],
			"rotation": {"angle": 22.5, "axis": "x", "origin": [8, 3.75, 8]},
			"faces": {
				"north": {"uv": [0.06, 0.06, 0.94, 0.94], "texture": "#1"}
			}
		},
		{
			"from": [7.5, 2, 4.55],
			"to": [8.5, 3, 4.55],
			"rotation": {"angle": 22.5, "axis": "x", "origin": [8, 3.75, 8]},
			"faces": {
				"north": {"uv": [0.06, 0.06, 0.94, 0.94], "texture": "#1"}
			}
		},
		{
			"from": [7.5, 0, 4.55],
			"to": [8.5, 1, 4.55],
			"rotation": {"angle": 22.5, "axis": "x", "origin": [8, 3.75, 8]},
			"faces": {
				"north": {"uv": [0.06, 0.06, 0.94, 0.94], "texture": "#1"}
			}
		},
		{
			"from": [7.5, 4, 4.55],
			"to": [8.5, 5, 4.55],
			"rotation": {"angle": 22.5, "axis": "x", "origin": [8, 3.75, 8]},
			"faces": {
				"north": {"uv": [0.06, 0.06, 0.94, 0.94], "texture": "#1"}
			}
		},
		{
			"from": [3, -2.46893, 13.66216],
			"to": [4, -1.46893, 13.66216],
			"rotation": {"angle": 22.5, "axis": "x", "origin": [8, -0.21893, 13.66216]},
			"faces": {
				"south": {"uv": [0, 0, 0.88, 0.88], "texture": "#1"}
			}
		},
		{
			"from": [3, -0.46893, 13.66216],
			"to": [4, 0.53107, 13.66216],
			"rotation": {"angle": 22.5, "axis": "x", "origin": [8, -0.21893, 13.66216]},
			"faces": {
				"south": {"uv": [0, 0, 0.88, 0.88], "texture": "#1"}
			}
		},
		{
			"from": [3, 1.53107, 13.66216],
			"to": [4, 2.53107, 13.66216],
			"rotation": {"angle": 22.5, "axis": "x", "origin": [8, -0.21893, 13.66216]},
			"faces": {
				"south": {"uv": [0, 0, 0.88, 0.88], "texture": "#1"}
			}
		},
		{
			"from": [12, 1.53107, 13.66216],
			"to": [13, 2.53107, 13.66216],
			"rotation": {"angle": 22.5, "axis": "x", "origin": [8, -0.21893, 13.66216]},
			"faces": {
				"south": {"uv": [0, 0, 0.88, 0.88], "texture": "#1"}
			}
		},
		{
			"from": [12, -0.46893, 13.66216],
			"to": [13, 0.53107, 13.66216],
			"rotation": {"angle": 22.5, "axis": "x", "origin": [8, -0.21893, 13.66216]},
			"faces": {
				"south": {"uv": [0, 0, 0.88, 0.88], "texture": "#1"}
			}
		},
		{
			"from": [12, -2.46893, 13.66216],
			"to": [13, -1.46893, 13.66216],
			"rotation": {"angle": 22.5, "axis": "x", "origin": [8, -0.21893, 13.66216]},
			"faces": {
				"south": {"uv": [0, 0, 0.88, 0.88], "texture": "#1"}
			}
		},
		{
			"from": [2.9, 0, 4.65],
			"to": [2.9, 1, 5.65],
			"rotation": {"angle": 22.5, "axis": "x", "origin": [8, 3.75, 8]},
			"faces": {
				"west": {"uv": [0, 0, 0.88, 0.88], "texture": "#1"}
			}
		},
		{
			"from": [2.9, 2, 4.65],
			"to": [2.9, 3, 5.65],
			"rotation": {"angle": 22.5, "axis": "x", "origin": [8, 3.75, 8]},
			"faces": {
				"west": {"uv": [0, 0, 0.88, 0.88], "texture": "#1"}
			}
		},
		{
			"from": [2.9, 4, 4.65],
			"to": [2.9, 5, 5.65],
			"rotation": {"angle": 22.5, "axis": "x", "origin": [8, 3.75, 8]},
			"faces": {
				"west": {"uv": [0, 0, 0.88, 0.88], "texture": "#1"}
			}
		},
		{
			"from": [2.9, 0, 9.15],
			"to": [2.9, 1, 10.15],
			"rotation": {"angle": 22.5, "axis": "x", "origin": [8, 3.75, 8]},
			"faces": {
				"west": {"uv": [0, 0, 0.88, 0.88], "texture": "#1"}
			}
		},
		{
			"from": [2.9, 2, 9.15],
			"to": [2.9, 3, 10.15],
			"rotation": {"angle": 22.5, "axis": "x", "origin": [8, 3.75, 8]},
			"faces": {
				"west": {"uv": [0, 0, 0.88, 0.88], "texture": "#1"}
			}
		},
		{
			"from": [2.9, 4, 9.15],
			"to": [2.9, 5, 10.15],
			"rotation": {"angle": 22.5, "axis": "x", "origin": [8, 3.75, 8]},
			"faces": {
				"west": {"uv": [0, 0, 0.88, 0.88], "texture": "#1"}
			}
		},
		{
			"from": [2.9, 0, 13.65],
			"to": [2.9, 1, 14.65],
			"rotation": {"angle": 22.5, "axis": "x", "origin": [8, 3.75, 8]},
			"faces": {
				"west": {"uv": [0, 0, 0.88, 0.88], "texture": "#1"}
			}
		},
		{
			"from": [2.9, 2, 13.65],
			"to": [2.9, 3, 14.65],
			"rotation": {"angle": 22.5, "axis": "x", "origin": [8, 3.75, 8]},
			"faces": {
				"west": {"uv": [0, 0, 0.88, 0.88], "texture": "#1"}
			}
		},
		{
			"from": [2.9, 4, 13.65],
			"to": [2.9, 5, 14.65],
			"rotation": {"angle": 22.5, "axis": "x", "origin": [8, 3.75, 8]},
			"faces": {
				"west": {"uv": [0, 0, 0.88, 0.88], "texture": "#1"}
			}
		},
		{
			"from": [13.1, -0.34504, 12.98463],
			"to": [13.1, 0.65496, 13.98463],
			"rotation": {"angle": 22.5, "axis": "x", "origin": [13.1, 1.90496, 8.53463]},
			"faces": {
				"east": {"uv": [0.06, 0.12, 0.94, 1], "texture": "#1"}
			}
		},
		{
			"from": [13.1, 1.65496, 12.98463],
			"to": [13.1, 2.65496, 13.98463],
			"rotation": {"angle": 22.5, "axis": "x", "origin": [13.1, 1.90496, 8.53463]},
			"faces": {
				"east": {"uv": [0.06, 0.12, 0.94, 1], "texture": "#1"}
			}
		},
		{
			"from": [13.1, 3.65496, 12.98463],
			"to": [13.1, 4.65496, 13.98463],
			"rotation": {"angle": 22.5, "axis": "x", "origin": [13.1, 1.90496, 8.53463]},
			"faces": {
				"east": {"uv": [0.06, 0.12, 0.94, 1], "texture": "#1"}
			}
		},
		{
			"from": [13.1, -0.34504, 8.48463],
			"to": [13.1, 0.65496, 9.48463],
			"rotation": {"angle": 22.5, "axis": "x", "origin": [13.1, 1.90496, 8.53463]},
			"faces": {
				"east": {"uv": [0.06, 0.12, 0.94, 1], "texture": "#1"}
			}
		},
		{
			"from": [13.1, 1.65496, 8.48463],
			"to": [13.1, 2.65496, 9.48463],
			"rotation": {"angle": 22.5, "axis": "x", "origin": [13.1, 1.90496, 8.53463]},
			"faces": {
				"east": {"uv": [0.06, 0.12, 0.94, 1], "texture": "#1"}
			}
		},
		{
			"from": [13.1, 3.65496, 8.48463],
			"to": [13.1, 4.65496, 9.48463],
			"rotation": {"angle": 22.5, "axis": "x", "origin": [13.1, 1.90496, 8.53463]},
			"faces": {
				"east": {"uv": [0.06, 0.12, 0.94, 1], "texture": "#1"}
			}
		},
		{
			"from": [13.1, -0.34504, 3.98463],
			"to": [13.1, 0.65496, 4.98463],
			"rotation": {"angle": 22.5, "axis": "x", "origin": [13.1, 1.90496, 8.53463]},
			"faces": {
				"east": {"uv": [0.06, 0.12, 0.94, 1], "texture": "#1"}
			}
		},
		{
			"from": [13.1, 1.65496, 3.98463],
			"to": [13.1, 2.65496, 4.98463],
			"rotation": {"angle": 22.5, "axis": "x", "origin": [13.1, 1.90496, 8.53463]},
			"faces": {
				"east": {"uv": [0.06, 0.12, 0.94, 1], "texture": "#1"}
			}
		},
		{
			"from": [13.1, 3.65496, 3.98463],
			"to": [13.1, 4.65496, 4.98463],
			"rotation": {"angle": 22.5, "axis": "x", "origin": [13.1, 1.90496, 8.53463]},
			"faces": {
				"east": {"uv": [0.06, 0.12, 0.94, 1], "texture": "#1"}
			}
		},
		{
			"from": [7.5, 6.3822, 5.10396],
			"to": [8.5, 6.3822, 6.10396],
			"rotation": {"angle": 22.5, "axis": "x", "origin": [8, 5.5322, 5.00396]},
			"faces": {
				"up": {"uv": [0, 0.06, 0.88, 0.94], "rotation": 90, "texture": "#1"}
			}
		},
		{
			"from": [7.5, 6.3822, 7.10396],
			"to": [8.5, 6.3822, 8.10396],
			"rotation": {"angle": 22.5, "axis": "x", "origin": [8, 5.5322, 5.00396]},
			"faces": {
				"up": {"uv": [0, 0.06, 0.88, 0.94], "rotation": 90, "texture": "#1"}
			}
		},
		{
			"from": [7.5, 6.3822, 12.10396],
			"to": [8.5, 6.3822, 13.10396],
			"rotation": {"angle": 22.5, "axis": "x", "origin": [8, 5.5322, 5.00396]},
			"faces": {
				"up": {"uv": [0, 0.06, 0.88, 0.94], "rotation": 90, "texture": "#1"}
			}
		},
		{
			"from": [7.5, 4.90294, 9.53826],
			"to": [8.5, 4.90294, 10.53826],
			"rotation": {"angle": 22.5, "axis": "x", "origin": [9.1, 4.15294, 11.07496]},
			"faces": {
				"north": {"uv": [4.06, 0.06, 4.94, 0.94], "rotation": 180, "texture": "#1"},
				"east": {"uv": [4.06, 0.06, 4.94, 0.94], "rotation": 180, "texture": "#1"},
				"south": {"uv": [4.06, 0.06, 4.94, 0.94], "rotation": 180, "texture": "#1"},
				"west": {"uv": [4.06, 0.06, 4.94, 0.94], "rotation": 180, "texture": "#1"},
				"up": {"uv": [0, 0.06, 0.88, 0.94], "rotation": 90, "texture": "#1"},
				"down": {"uv": [4.06, 0.06, 4.94, 0.94], "rotation": 180, "texture": "#1"}
			}
		},
		{
			"from": [7.5, 6.3822, 14.10396],
			"to": [8.5, 6.3822, 15.10396],
			"rotation": {"angle": 22.5, "axis": "x", "origin": [8, 5.5322, 5.00396]},
			"faces": {
				"up": {"uv": [0, 0.06, 0.88, 0.94], "rotation": 90, "texture": "#1"}
			}
		},
		{
			"from": [3, 6.3822, 9.60396],
			"to": [4, 6.3822, 10.60396],
			"rotation": {"angle": 22.5, "axis": "x", "origin": [8, 5.5322, 5.00396]},
			"faces": {
				"up": {"uv": [0, 0.06, 0.88, 0.94], "rotation": 90, "texture": "#1"}
			}
		},
		{
			"from": [5, 6.3822, 9.60396],
			"to": [6, 6.3822, 10.60396],
			"rotation": {"angle": 22.5, "axis": "x", "origin": [8, 5.5322, 5.00396]},
			"faces": {
				"up": {"uv": [0, 0.06, 0.88, 0.94], "rotation": 90, "texture": "#1"}
			}
		},
		{
			"from": [10, 6.3822, 9.60396],
			"to": [11, 6.3822, 10.60396],
			"rotation": {"angle": 22.5, "axis": "x", "origin": [8, 5.5322, 5.00396]},
			"faces": {
				"up": {"uv": [0, 0.06, 0.88, 0.94], "rotation": 90, "texture": "#1"}
			}
		},
		{
			"from": [12, 6.3822, 9.60396],
			"to": [13, 6.3822, 10.60396],
			"rotation": {"angle": 22.5, "axis": "x", "origin": [8, 5.5322, 5.00396]},
			"faces": {
				"up": {"uv": [0, 0.06, 0.88, 0.94], "rotation": 90, "texture": "#1"}
			}
		}
	],
	"display": {
		"thirdperson_righthand": {
			"rotation": [65, 0, 0],
			"translation": [-6, 5.5, 6.5]
		},
		"firstperson_righthand": {
			"translation": [0, 2.5, -0.75]
		},
		"ground": {
			"translation": [0, 5, 0]
		},
		"gui": {
			"rotation": [-132.55, -30.28, -166.94],
			"translation": [1.75, 5, 0]
		},
		"head": {
			"rotation": [-4, 0, 0],
			"translation": [0, 15, -1.75],
			"scale": [1.7, 1.7, 1.7]
		},
		"fixed": {
			"rotation": [-98, 0, 0],
			"translation": [0, 0, -18.5],
			"scale": [2, 2, 2]
		}
	},
	"groups": [
		{
			"name": "beret",
			"origin": [8, 8, 8],
			"color": 0,
			"children": [
				0,
				1,
				2,
				3,
				4,
				5,
				6,
				{
					"name": "cap",
					"origin": [11.59, 8, 2.5],
					"color": 0,
					"children": [7, 8, 9, 10, 11]
				},
				{
					"name": "stitches",
					"origin": [8, 11.75, 8],
					"color": 0,
					"children": [
						{
							"name": "front",
							"origin": [8, 11.75, 8],
							"color": 0,
							"children": [12, 13, 14, 15, 16, 17, 18, 19, 20]
						},
						{
							"name": "back",
							"origin": [8, 11.75, 8],
							"color": 0,
							"children": [21, 22, 23, 24, 25, 26]
						},
						{
							"name": "right",
							"origin": [8, 11.75, 8],
							"color": 0,
							"children": [27, 28, 29, 30, 31, 32, 33, 34, 35]
						},
						{
							"name": "left",
							"origin": [8, 11.75, 8],
							"color": 0,
							"children": [36, 37, 38, 39, 40, 41, 42, 43, 44]
						}
					]
				},
				{
					"name": "stitches top",
					"origin": [8, 8, 8],
					"color": 0,
					"children": [45, 46, 47, 48, 49, 50, 51, 52, 53]
				}
			]
		}
	]
}