{
	"credit": "Made with Blockbench",
	"textures": {
		"3": "block/Hananacraft archive/plaid_green"
	},
	"elements": [
		{
			"from": [2.91161, 2.03489, 3.21844],
			"to": [12.91161, 6.03489, 13.91844],
			"rotation": {"angle": 0, "axis": "x", "origin": [7.91161, 4.73489, 8.66844]},
			"faces": {
				"north": {"uv": [6, 5, 16, 9], "texture": "#3"},
				"east": {"uv": [16, 5, 6, 9], "texture": "#3"},
				"south": {"uv": [16, 5, 6, 9], "texture": "#3"},
				"west": {"uv": [6, 5, 16, 9], "texture": "#3"},
				"up": {"uv": [16, 1, 6.1, 11], "rotation": 270, "texture": "#3"},
				"down": {"uv": [6.1, 1, 16, 11], "rotation": 270, "texture": "#3"}
			}
		},
		{
			"from": [4.91161, 6.03489, 4.66844],
			"to": [10.91161, 7.03489, 12.66844],
			"rotation": {"angle": 0, "axis": "x", "origin": [7.91161, 4.73489, 8.66844]},
			"faces": {
				"north": {"uv": [8.06, 6.06, 13.96, 6.76], "texture": "#3"},
				"east": {"uv": [2.06, 1.06, 9.94, 1.94], "texture": "#3"},
				"south": {"uv": [5.06, 3.06, 10.96, 3.76], "texture": "#3"},
				"west": {"uv": [0.06, 0.06, 7.94, 0.94], "texture": "#3"},
				"up": {"uv": [15, 3.12, 7.12, 9], "rotation": 270, "texture": "#3"},
				"down": {"uv": [0.06, 0.06, 7.94, 5.94], "rotation": 90, "texture": "#3"}
			}
		},
		{
			"from": [6.36161, 6.73489, 7.16844],
			"to": [9.36161, 7.73489, 10.16844],
			"rotation": {"angle": 0, "axis": "x", "origin": [7.91161, 4.73489, 8.66844]},
			"faces": {
				"north": {"uv": [9.56, 6.06, 12.44, 6.94], "texture": "#3"},
				"east": {"uv": [12.44, 6.06, 9.56, 6.94], "texture": "#3"},
				"south": {"uv": [12.44, 11.06, 9.56, 11.94], "texture": "#3"},
				"west": {"uv": [9.56, 11.06, 12.44, 11.94], "texture": "#3"},
				"up": {"uv": [12.44, 12.56, 9.56, 15.44], "rotation": 270, "texture": "#3"},
				"down": {"uv": [0.06, 0.06, 7.94, 5.94], "rotation": 90, "texture": "#3"}
			}
		},
		{
			"from": [7.36161, 7.88489, 8.16844],
			"to": [8.36161, 7.88489, 9.16844],
			"rotation": {"angle": 0, "axis": "x", "origin": [7.91161, 4.73489, 8.66844]},
			"faces": {
				"north": {"uv": [1.06, 1.06, 1.94, 1.94], "rotation": 270, "texture": "#3"},
				"east": {"uv": [1.06, 1.06, 1.94, 1.94], "rotation": 270, "texture": "#3"},
				"south": {"uv": [1.06, 1.06, 1.94, 1.94], "rotation": 270, "texture": "#3"},
				"west": {"uv": [1.06, 1.06, 1.94, 1.94], "rotation": 270, "texture": "#3"},
				"up": {"uv": [1.06, 1.06, 1.94, 1.94], "rotation": 270, "texture": "#3"},
				"down": {"uv": [1.06, 1.06, 1.94, 1.94], "rotation": 270, "texture": "#3"}
			}
		},
		{
			"from": [3.91161, 6.03489, 5.66844],
			"to": [4.91161, 7.03489, 11.66844],
			"rotation": {"angle": 0, "axis": "x", "origin": [7.91161, 4.73489, 8.66844]},
			"faces": {
				"north": {"uv": [0.06, 0.06, 0.94, 0.94], "texture": "#3"},
				"east": {"uv": [0.06, 0.06, 3.94, 0.94], "texture": "#3"},
				"south": {"uv": [0.06, 0.06, 0.94, 0.94], "texture": "#3"},
				"west": {"uv": [8.36, 1.06, 13.96, 1.96], "texture": "#3"},
				"up": {"uv": [13.86, 1.06, 8.36, 1.96], "rotation": 270, "texture": "#3"},
				"down": {"uv": [0.06, 0.06, 3.94, 0.94], "rotation": 90, "texture": "#3"}
			}
		},
		{
			"from": [10.91161, 6.03489, 5.66844],
			"to": [11.91161, 7.03489, 11.66844],
			"rotation": {"angle": 0, "axis": "x", "origin": [7.91161, 4.73489, 8.66844]},
			"faces": {
				"north": {"uv": [0.06, 0.06, 0.94, 0.94], "texture": "#3"},
				"east": {"uv": [13.86, 0.96, 8.26, 1.86], "texture": "#3"},
				"south": {"uv": [0.06, 0.06, 0.94, 0.94], "texture": "#3"},
				"west": {"uv": [0.06, 0.06, 3.94, 0.94], "texture": "#3"},
				"up": {"uv": [13.86, 1.06, 8.26, 1.96], "rotation": 270, "texture": "#3"},
				"down": {"uv": [0.06, 0.06, 3.94, 0.94], "rotation": 90, "texture": "#3"}
			}
		},
		{
			"from": [3.41161, 0.83489, 3.71844],
			"to": [12.41161, 2.33489, 13.41844],
			"rotation": {"angle": 0, "axis": "x", "origin": [7.91161, 4.73489, 8.66844]},
			"faces": {
				"north": {"uv": [1.06, 1, 1.94, 1.88], "texture": "#3"},
				"east": {"uv": [1.06, 1, 1.94, 1.88], "texture": "#3"},
				"south": {"uv": [1.06, 1, 1.94, 1.88], "texture": "#3"},
				"west": {"uv": [1.06, 1, 1.94, 1.88], "texture": "#3"},
				"up": {"uv": [1.06, 1, 1.94, 1.88], "texture": "#3"},
				"down": {"uv": [1.06, 1, 1.94, 1.88], "texture": "#3"}
			}
		}
	],
	"display": {
		"thirdperson_righthand": {
			"rotation": [65, 0, 0],
			"translation": [-6, 5.5, 5.5]
		},
		"firstperson_righthand": {
			"translation": [4.5, 0, -2.5]
		},
		"ground": {
			"translation": [0, 4, 0]
		},
		"gui": {
			"rotation": [27.75, 41, 0],
			"translation": [0, 3.5, 0]
		},
		"head": {
			"rotation": [27, 0.5, 2.5],
			"translation": [-0.3, 11, 4],
			"scale": [1.75, 1.75, 1.75]
		},
		"fixed": {
			"rotation": [116.75, 0, -180],
			"translation": [0, 4, -13.5],
			"scale": [2, 2, 2]
		}
	},
	"groups": [
		{
			"name": "beret2",
			"origin": [8, 8, 8],
			"color": 0,
			"children": [0, 1, 2, 3, 4, 5, 6]
		}
	]
}