{
	"credit": "Made with Blockbench",
	"textures": {
		"2": "block/red_lantern_side1",
		"3": "block/red_lantern_black",
		"4": "block/red_lantern_top2"
	},
	"elements": [
		{
			"from": [2, 0, 2],
			"to": [14, 12, 14],
			"rotation": {"angle": 0, "axis": "y", "origin": [10, 8, 10]},
			"faces": {
				"north": {"uv": [0, 0, 12, 12], "texture": "#2"},
				"east": {"uv": [0, 0, 12, 12], "texture": "#2"},
				"south": {"uv": [0, 0, 12, 12], "texture": "#2"},
				"west": {"uv": [0, 0, 12, 12], "texture": "#2"},
				"up": {"uv": [0, 0, 12, 12], "texture": "#4"},
				"down": {"uv": [0, 0, 12, 12], "texture": "#4"}
			}
		},
		{
			"from": [4.98, 12, 4.98],
			"to": [11.02, 13, 11.02],
			"rotation": {"angle": 0, "axis": "y", "origin": [12.98, 20, 12.98]},
			"faces": {
				"north": {"uv": [5, 2, 11, 3], "texture": "#3"},
				"east": {"uv": [5, 2, 11, 3], "texture": "#3"},
				"south": {"uv": [5, 2, 11, 3], "texture": "#3"},
				"west": {"uv": [5, 2, 11, 3], "texture": "#3"},
				"up": {"uv": [5, 5, 11, 11], "texture": "#3"},
				"down": {"uv": [0, 0, 6, 6], "texture": "#missing"}
			}
		},
		{
			"from": [4.98, -1, 4.98],
			"to": [11.02, 0, 11.02],
			"rotation": {"angle": 0, "axis": "y", "origin": [12.98, 7, 12.98]},
			"faces": {
				"north": {"uv": [5, 2, 11, 3], "texture": "#3"},
				"east": {"uv": [5, 2, 11, 3], "texture": "#3"},
				"south": {"uv": [5, 2, 11, 3], "texture": "#3"},
				"west": {"uv": [5, 2, 11, 3], "texture": "#3"},
				"up": {"uv": [5, 5, 11, 11], "texture": "#3"},
				"down": {"uv": [5, 5, 11, 11], "texture": "#3"}
			}
		}
	],
	"display": {
		"thirdperson_righthand": {
			"scale": [0.5, 0.5, 0.5]
		},
		"thirdperson_lefthand": {
			"scale": [0.5, 0.5, 0.5]
		},
		"firstperson_righthand": {
			"scale": [0.5, 0.5, 0.5]
		},
		"firstperson_lefthand": {
			"scale": [0.5, 0.5, 0.5]
		},
		"ground": {
			"scale": [0.5, 0.5, 0.5]
		},
		"gui": {
			"rotation": [30, 45, 0],
			"translation": [0, 1.5, 0],
			"scale": [0.7, 0.7, 0.7]
		},
		"head": {
			"translation": [0, 15, 0]
		},
		"fixed": {
			"rotation": [-90, 0, 0],
			"translation": [0, 0, -16],
			"scale": [2, 2, 2]
		}
	}
}