{
	"credit": "Made with Blockbench",
	"textures": {
		"0": "block/butterflies4",
		"1": "block/butterflies_backing",
		"particle": "block/butterflies4"
	},
	"elements": [
		{
			"from": [0, 0, 0],
			"to": [16, 0.1, 16],
			"rotation": {"angle": 0, "axis": "y", "origin": [9, 8, 9]},
			"faces": {
				"north": {"uv": [0, 0, 14, 0], "texture": "#1"},
				"east": {"uv": [0, 0, 14, 0], "texture": "#1"},
				"south": {"uv": [0, 0, 14, 0], "texture": "#1"},
				"west": {"uv": [0, 0, 14, 0], "texture": "#1"},
				"up": {"uv": [0, 0, 16, 16], "texture": "#0"},
				"down": {"uv": [0, 0, 16, 16], "texture": "#1"}
			}
		}
	],
	"gui_light": "front",
	"display": {
		"thirdperson_righthand": {
			"translation": [0, 3, -4],
			"scale": [0.5, 0.5, 0.5]
		},
		"thirdperson_lefthand": {
			"translation": [0, 3, -4],
			"scale": [0.5, 0.5, 0.5]
		},
		"ground": {
			"scale": [0.5, 0.5, 0.5]
		},
		"gui": {
			"rotation": [90, 0, 0]
		},
		"head": {
			"translation": [0, 14.5, 0]
		},
		"fixed": {
			"rotation": [-90, 0, 0],
			"translation": [0, 0, -14],
			"scale": [2, 2, 2]
		}
	}
}